1.680961358088546923e-02,-1.186726645292237731e-01,-6.481044494514155707e-02,2.573509589256947616e-01,4.535256611882389211e-02,-1.024324256617097778e-01,-2.275087757243567932e-01,-6.366773968309551446e-01,-1.373485121572413925e-01,-8.404447665494026165e-02
-8.952640102452762844e-03,-5.191054238168429924e-01,-2.231157191225374981e-01,1.088538598832437115e-01,-6.214977867398694539e-02,-2.893803557763995893e-01,5.761651451003456381e-02,-3.513918206347556583e-01,-2.119744149046423054e-01,8.235624124645844757e-02
-6.077032872153958348e-02,-4.305617688876708371e-01,7.434004354977828688e-02,-3.869398584276126374e-02,7.772004478565248953e-02,2.231465532372261251e-01,-3.584858782222895557e-01,-2.150134836761071200e-01,-7.109484888566722227e-02,-1.882246424230380258e-02
-2.777138694455097978e-01,-4.477998110888026240e-01,6.848351986089515342e-02,2.165840490345662117e-01,-2.473869745217526506e-01,-3.799419603020316449e-01,-2.938025293326655407e-01,-2.458129765379181708e-01,9.557625917051013054e-02,1.682574182636087379e-01
4.045727842209487779e-01,-2.375440740584113253e-01,6.207764176775926873e-02,4.783915178459947036e-03,1.135980749819004848e-01,-1.554743927628385036e-01,-4.024699491986771238e-01,-2.637103739973864491e-02,-8.884565030349624026e-02,1.757136096395085501e-01
-8.372360732730078914e-02,4.153792470697164063e-01,-1.895359667563190353e-01,-3.933882553701472662e-01,-3.982799578991183531e-01,1.072825332183568320e-01,-9.306879620959720989e-02,-2.048580078443832386e-01,-3.987308705081966942e-02,-7.158098893122991080e-02
-2.461871712691799940e-01,3.272598735846624640e-01,-4.180741772653758792e-01,-1.469548210503221208e-01,-3.434391393089222255e-01,3.313337488798316355e-01,-6.214894210414694253e-01,3.175003835760869531e-01,-3.061876149251942514e-01,1.117000286619952536e-02
7.395067743528225268e-01,5.131849967694589870e-02,9.605206508276516175e-03,-7.188834275014981123e-02,-1.358202188721194525e-01,1.636127408076568368e-01,1.392589588707701664e-01,-4.874013598885519882e-01,-1.995751787271993205e-01,3.308119368821822448e-01
-6.339219658226222243e-02,-7.133173324580087682e-01,-2.523517816742270811e-02,2.921799682927387828e-02,-3.006321954387401463e-01,-4.805682265951426446e-01,-5.813816687951171847e-02,-1.228354663438957634e-01,2.894869872094099628e-02,4.158206084691529192e-01
3.362102490695670354e-01,-3.395724534469436451e-01,7.981766191707538594e-02,4.968231189586651969e-02,1.191484368522500170e-01,-1.583253457902393524e-01,-4.179772815330144442e-01,-7.887281907764219155e-03,-9.787731523691396707e-02,2.084558729308931269e-01
4.364861302892612815e-02,-4.364296968436316981e-01,-1.189417058065728450e-01,-6.215158381996829795e-02,-1.156202842505051481e-01,-2.499207714879597142e-01,9.319980605303707089e-02,-4.576537771202228433e-02,-2.244977671147992127e-01,-7.533997423161600815e-02
2.533535573359400883e-02,-2.148977896935676535e-01,-7.366529898325611947e-02,-6.825568947897910077e-02,-5.222911004739187041e-02,1.234374370362852774e-02,-4.915134716638536183e-01,4.138351429102232054e-02,1.019838417170952360e-01,-1.355440728247727655e-01
-3.342619467018572155e-01,1.474982158291534284e-01,2.329069274533525635e-01,-8.320661876482336738e-02,-2.209516743752709775e-04,1.069416996642162249e-01,-4.616507095027934104e-01,3.181825440624827528e-02,-6.632110155910904414e-02,-1.076703545785655108e-01
-2.549130435545988727e-01,-2.227079960009463455e-01,3.827159993990088705e-03,-3.346666956566541895e-01,-2.656868759170077574e-02,6.613278213504040215e-01,-4.002258108887156718e-01,-4.855031783205880358e-01,-9.385073515774845776e-02,1.230176063548587689e-01
-2.703845999088353991e-01,4.919402206036451730e-01,-6.881172225331627645e-01,2.923638304576980235e-02,-5.406809781660585346e-01,2.980261885517268006e-01,-3.521247974285612314e-01,-2.705426065081552589e-01,-5.040398006759931882e-01,5.141234025952876596e-01
-3.351701366547614747e-01,5.932576722215610054e-01,2.449850732470919279e-01,1.024053896810815656e-01,-2.034242293210384855e-01,-1.388743851764717707e-01,-3.512779000948048069e-01,2.888103095739317228e-01,-3.892756089355535742e-01,-3.673033354398315131e-01
-4.003673398365641400e-01,1.022199730403968998e-01,5.720827207307382922e-01,-8.492329942440784984e-02,-3.126388946924714141e-01,-3.920474958965327467e-03,-2.552729712111709848e-01,2.074480319179388965e-01,1.035996637441195661e-01,-7.719085278304534462e-03
-2.105531609933566917e-01,-1.852115205741064474e-03,1.267211690850908803e-02,-4.846652986724212658e-02,1.031695177165688065e-01,-1.677470046416644489e-01,-3.695201419337592053e-01,-1.732227344795354285e-01,-5.750958355672097094e-02,5.826692451255556862e-03
1.472943628670324578e-01,9.111955628782575367e-01,-5.241511437486893327e-02,9.452744563606704786e-02,-2.711948762625557285e-01,-4.617492515343696313e-01,1.000000000000000000e+00,-8.982386027517297311e-01,9.025575306445745571e-01,7.619028618975813849e-01
-7.259924452631760783e-02,5.769305964611164406e-01,-1.398921554096264619e-01,-2.917660477803160068e-01,-4.643685323242673912e-01,-3.860436007189648744e-01,2.295999942435419106e-01,1.611295433258091159e-01,3.333096649048304660e-02,-4.277469394828037896e-01
-4.751565033846728570e-01,2.432237972684912763e-01,4.629233186008848144e-01,2.229417032464965642e-01,-1.096711555163671359e-01,4.243548593249266698e-01,1.104391947625245340e-03,2.182001961877006457e-01,-1.941892110177640407e-01,-6.441250741615843489e-02
-3.594471895820662843e-01,-1.761952022534506446e-01,2.720034534550410665e-01,-2.185642218189388919e-01,-2.153064717817525786e-01,-4.537528064210003681e-02,-2.250288837282339027e-01,-1.854546868117923353e-01,-8.323865170792446033e-01,5.057395493448975099e-01
-1.867253164040354463e-01,3.690654547292388510e-01,3.206202504968920231e-01,-4.539954633968238951e-01,6.664168416611883361e-02,-6.438108392741732043e-03,2.148493973452946793e-01,-4.070533101819671096e-01,-1.792885801299569370e-01,3.256043114431194097e-01
-3.212218081670369929e-01,4.201160836138330135e-01,-9.399206521034138284e-02,-3.855528945224673265e-01,8.581082094260018833e-02,-4.696722529674938751e-01,4.624389203446787056e-01,-1.413298022660048614e-01,-4.680736433155129744e-02,1.762865800964650287e-01
-2.253305393555046776e-01,4.893063162712106562e-02,2.987864415607142665e-01,5.035945472861484001e-02,1.153913498469077113e-02,-2.287006633400705813e-01,-1.552400930452653982e-01,-3.555490632969684484e-01,-6.154005558471005444e-02,-5.713241805572151499e-02
-5.285868084109386356e-01,-6.732679490261457289e-01,-4.514142033041733670e-01,7.667119838094031692e-02,8.572619896771169201e-02,1.104657681058105190e-01,2.769784532504941388e-01,-3.168795576405122327e-01,-1.095587318984204417e-01,-8.183584456878882640e-02
-3.483541133245428578e-01,3.465698634159244257e-02,7.300004814585451252e-01,-2.702138428804395226e-02,-1.572952153917335505e-01,-5.468049943889648212e-02,1.122422193974966648e-01,-4.265220449897771382e-01,4.004703510923414700e-01,-1.703882785835982849e-01
-2.682769273046418101e-01,1.367859264433761157e-01,3.729057622063164934e-01,6.615470153905252115e-02,1.691064130130545407e-01,2.065440362382156558e-01,-7.014971690124220671e-02,-5.344266033582902864e-01,-3.693204606332959883e-01,3.109874195742067804e-01
-3.120030652299875529e-01,-3.332957681622696899e-01,-9.591565546794239908e-03,-2.492079336668944767e-01,1.085161062584897029e-01,4.710466519682150466e-01,-3.797228441144224753e-01,-4.104399836499698084e-01,4.243700817672242942e-01,-3.216452836785931024e-02
-3.406687520927142998e-01,-1.433628135786907919e-03,7.128867374548596147e-02,3.695276804017614825e-01,2.174028728509732611e-01,-3.993433776435075244e-01,-1.713623738454110312e-01,-2.692433029625620478e-01,-1.696326911174054208e-01,-1.165150378799578723e-01
-3.719276521444465078e-01,-1.885739089175071104e-01,6.047025079515975232e-01,1.556087878992166440e-01,-1.149703312374288078e-01,-1.276226953096890049e-02,-3.602571700036246577e-02,-4.352634019432528589e-01,1.066946781296851943e-01,-3.829143357111570306e-02
-2.698354052850930884e-01,6.606760057728263691e-01,-7.090506465799615299e-01,5.761541516450241485e-02,-5.680565841922869952e-01,6.144540420849056162e-01,-4.311164166293428579e-01,-2.803628113638313435e-01,-4.932690632207815118e-01,5.495308078142716601e-01
2.042481288424461139e-01,-4.979181613063722311e-01,6.346143853440038007e-02,9.242511179089344178e-03,-2.860369875093384251e-01,-4.564310357164830245e-01,-4.443656068763277567e-01,-1.425952001364883814e-01,1.712809560205382775e-01,7.345629742273859231e-01
2.344946983632583415e-01,-2.058073598403268312e-01,5.227247787294617143e-02,2.279380585394696068e-01,1.491815517586701223e-01,3.077505563534370728e-02,-4.623250903907210607e-01,-3.686601894043307071e-01,-7.598814029228387334e-02,-7.790622009144616833e-02
7.921645751242330225e-02,3.606881463681904099e-01,-2.027279184814885504e-01,4.679082019090780586e-01,2.146626577077467291e-01,1.258891854251293317e-02,-3.859069423778890839e-01,-7.692538360221810034e-01,-1.593275232537689767e-01,3.790560270763986429e-03
-2.054121679639547282e-01,8.118799224781284574e-01,-6.344599098816540439e-02,1.000000000000000000e+00,2.171610831718324280e-02,4.013781637560958071e-01,-2.971688928808002284e-01,-6.373733018958094299e-01,-2.723783302554108054e-01,-2.253165742639269900e-02
5.319977471236652516e-02,-9.769169914595708659e-02,-2.610619238545711096e-01,-7.362249764563891241e-02,-1.553443552593783972e-01,-2.542627456050688961e-01,-2.388250789012996145e-01,1.954297820880287195e-01,2.325534407097177084e-02,-1.757940446839098836e-01
6.623176492245221869e-01,-1.442494557479896133e-01,5.301464058489745862e-02,1.170772598571759721e-01,1.357322529110259295e-02,1.607735339889700132e-02,-3.731509736894531581e-01,-7.387395659606718623e-02,7.743310743090660309e-02,2.583953161184279201e-01
-1.376362513281555178e-01,-4.309830228945479291e-01,-6.097130579904765785e-02,2.501550980333518415e-01,-2.145224909773023325e-01,-3.791920363174866582e-01,-3.033439016635583463e-01,-2.804184800764997210e-01,1.758466417626378120e-01,-2.882143995535515688e-02
8.489405345377001866e-02,2.660603673597187191e-01,-1.164485940495720989e-01,3.236765236998342954e-01,1.823307962182337538e-01,-9.121500053757854165e-02,-3.135175425642319214e-01,-7.035791576894955268e-01,-2.383829587972861042e-01,1.168932358617486011e-02
-3.806584762840919400e-01,5.656816596847922263e-01,-4.069500354969218248e-01,1.320801604483157476e-01,-1.425953337895756734e-01,6.833768847845299588e-01,-6.589068658884240648e-01,-2.365316790534073219e-02,-4.855036995663560284e-01,3.020221798893369947e-01
-3.484294851757465533e-02,1.000000000000000000e+00,-7.000958704470109373e-01,3.313317244021714569e-01,-9.667258440250958706e-01,-7.084170544095520772e-02,4.837795376432803551e-01,-1.000000000000000000e+00,-4.691481237052168574e-01,1.000000000000000000e+00
-1.033531849148741216e-01,9.177679543750176805e-01,-6.706314176243617364e-01,2.408984477586844364e-01,-9.278988263007850179e-01,-1.242928022038146813e-01,4.713804689103836543e-01,-9.713879598607924049e-01,-4.476055242534504042e-01,9.652432911807747873e-01
-1.871665832981966038e-01,-2.188991658475240853e-01,-3.881412525409661668e-02,2.737895410390257522e-01,-3.303511729308236111e-01,2.331221760066023441e-01,-2.814254273186048150e-01,-4.403850424075907433e-01,1.869480630404572186e-01,-3.111833381076867591e-02
-1.975998951839046669e-01,-3.751494358406596286e-01,1.000000000000000000e+00,2.373942325920602447e-01,-4.229010759314660306e-01,4.411550899051365215e-01,4.064272186469350401e-01,-5.670274540688254872e-01,1.752671327505276322e-01,5.969197503657187598e-01
-1.542985700655338244e-01,-4.714978391265060575e-01,7.696430362140818104e-01,7.507810442506600290e-02,-1.601558864812657468e-01,3.083938185050760783e-01,2.852687558180918015e-01,-4.147577906171763806e-01,-1.202891999223461433e-01,5.046521963167495128e-01
-1.456760530278403132e-01,-3.150592213748537040e-01,-8.867224138351426088e-02,-9.399151646003160721e-02,-1.003746527945100914e-01,1.211836915713102175e-01,-3.678772857818791708e-01,-2.410886383147565204e-01,-2.056776902736048573e-01,-4.946579716986401060e-02
-4.316290382955665361e-01,5.019435089172867848e-01,-1.097710266913084487e-01,7.437155194639907818e-02,-3.120730234746502130e-02,2.821276258356384958e-01,-4.464485640712220205e-01,1.131943466999385806e-01,-4.671485515597436078e-01,1.504245879691666343e-01
-2.284576284122801781e-01,-2.481987255666393277e-01,-3.838689535535800279e-01,-6.609147861529601764e-02,-1.543144627721676487e-01,2.979670579773382455e-01,-4.748133157791333825e-01,-8.405327889137764047e-03,-9.254826822389290719e-02,-5.363717773985042514e-02
3.043963317877862104e-02,-4.663467126036577315e-01,4.747259379887681652e-01,6.231249935481058405e-02,-1.150979654458762769e-01,-2.311025933526042742e-01,9.831407387640689853e-04,-5.132860509576347985e-01,1.199284214309870450e-01,7.829889563453925616e-01
-1.473429552649605234e-01,-4.026342697641241419e-01,9.122810517843135125e-01,1.853178190651475210e-01,-3.938888036997638120e-01,1.760475997520885016e-01,3.623838528963067018e-01,-5.672280947468467671e-01,3.427412635141071084e-01,7.074037407273831013e-01
-3.102738544050688829e-01,1.823971481189627306e-02,-3.323751017444335210e-01,-6.074314670965772628e-02,-2.395142600805773569e-01,4.174531003140194430e-01,-4.924766108226545369e-01,-2.821705086453599881e-02,-3.122964074079655483e-01,1.178955222720591001e-01
-3.837654399493701796e-01,4.744714860014834223e-01,5.508231499426276961e-02,5.529154743915052489e-02,-5.098023705664564975e-01,-5.275667059333888353e-01,-1.909929263701863889e-01,3.028478093875320853e-01,-4.682592874678684902e-01,-2.613733400832869980e-01
-3.699829252664754153e-01,-4.490182616108990832e-01,-3.613512470574884450e-01,8.779323559250694353e-02,-3.215712863248788855e-02,1.472683257431899317e-01,1.197749954773316555e-01,-5.492761467321585211e-01,-7.770804008741091784e-02,4.125868816844266429e-02
-3.987139054974659369e-01,-5.174891788499972334e-01,-4.892066150317717077e-01,-1.080212029409559626e-01,1.270647620402907130e-01,4.033849627341864336e-02,4.107988947835780058e-01,-2.983785536280855188e-01,-2.196079841652230635e-01,1.396684361301870625e-01
5.182002802170207478e-02,-4.163567484934741492e-01,5.998815828203911682e-01,-1.407509150833821492e-02,-1.397588929313464123e-01,-1.110527986793721222e-01,4.315421054459999545e-02,-5.678549991857805290e-01,8.979649799355354789e-02,7.708347673546660506e-01
-8.952384182163690418e-02,6.438204948816372841e-01,-4.857891186167788145e-01,-8.643708371646213751e-02,-2.141197603681746497e-01,1.940481465430781427e-01,-4.514752247352916137e-01,-3.352449422061957729e-01,1.359275120862502295e-01,2.116695628979685662e-01
-2.578732252048835938e-01,-1.432074974544012558e-01,2.323564290470224725e-01,-2.167035266976203300e-01,-1.748316316105689716e-01,-3.459008491164510812e-01,-1.124610654559848322e-01,9.929947046805158439e-02,-1.530254036288036523e-01,-4.550934442496997606e-02
-4.004711261436439407e-01,-3.996857439224343889e-01,-3.261661443704692576e-01,-3.166698884778628154e-01,-1.845476714429621634e-01,1.422502226907315925e-01,2.538778986276993277e-01,-3.752691455286086275e-01,-2.728936783702898272e-01,-2.251720524628269757e-02
-1.627559414034169052e-02,5.910003556175787987e-01,-6.920857778642135194e-02,5.320808688555065391e-01,1.331881295791568776e-01,4.877932933759847323e-02,-2.013462462743377257e-01,-7.797899541842854276e-01,-2.990822864690086957e-01,4.159681676397972844e-02
-4.293222299996465874e-02,-4.305086138099893378e-01,5.351895020510690770e-01,6.806030271126488340e-02,-7.661677444626997791e-02,-1.061992360397973484e-01,1.041746566300711940e-01,-5.783767098932663941e-01,9.339237252681634183e-02,6.509503790625685848e-01
2.710676236124159311e-01,-3.897167723675931672e-02,-5.408797403204371884e-02,-1.718687723736469219e-01,-5.145082622048931242e-02,-2.700397132513657206e-01,5.694885152300585562e-02,-5.215319230703359121e-01,-2.687778585132347131e-01,1.591935782215606054e-01
-2.437169074881046227e-01,2.035120783295635283e-01,3.712401142277676480e-01,-1.807060248506057176e-01,7.961183711232759641e-02,-3.730421899678989517e-01,-3.015847174294243593e-02,-2.550780862612308519e-01,-9.615816175319730208e-02,2.478171397925209851e-01
-3.089409993509232288e-01,-4.468291686614213054e-01,5.781918887523453121e-02,-7.269636698339565495e-02,1.227363604193950075e-01,3.969322557928156581e-01,-3.522759567951948001e-01,-3.954055356793370613e-01,-2.486879638178223287e-02,-1.186250554283138081e-01
-3.571061044954367270e-01,-4.422898551346962637e-01,-3.516588035864233741e-01,2.097141582280056260e-01,-8.361113560080501994e-02,9.690850383806125234e-02,5.888543454086794630e-03,-6.465391153530387625e-01,-3.577223559501855471e-03,-5.534606643481606442e-02
-7.385849782557103727e-02,-3.625445821734887830e-01,-9.406615520075326670e-03,1.965016007198591985e-01,-1.662258548732304664e-01,-3.739176457420793076e-01,-3.679506761461259767e-01,-2.301428386633201095e-01,2.026789393325295896e-01,7.002198562183645182e-04
-1.964584520279761548e-01,2.081274960639500904e-01,-2.028592173840827184e-01,-1.730728481669335517e-01,3.724603350808913249e-01,3.898068404377141860e-02,-4.694556360062784872e-02,2.531955577714748995e-01,-8.503805359880467485e-02,-2.137898142599494455e-01
2.769620152078552944e-02,-4.972554589638175648e-01,6.312479372470060079e-01,8.520184534051020164e-02,-1.813293756040022797e-01,-7.544283329759715606e-02,1.547601306665751797e-01,-5.987967189806829849e-01,1.214554862400801377e-01,8.076147801525087599e-01
-2.628050590640260142e-01,-3.212424835138844980e-03,6.583885937252791365e-01,-1.230429449607299275e-01,-3.568907941017935848e-01,-1.019556726116927240e-03,7.743939526634398274e-02,-1.606204721731016305e-01,1.537365594112865275e-01,1.289331771132862237e-01
-2.268406342908763640e-01,-2.696588420983656587e-01,5.972719687939674893e-01,-1.222054023300505332e-01,-2.098020622592089990e-01,9.804348324601519504e-02,-1.550176177870771499e-01,-3.326409893430661291e-01,-2.875311165788647094e-01,3.943464654789241020e-01
-1.663697574203728546e-01,2.660504096924881101e-01,6.916376612922371381e-01,8.083660649899595541e-01,-4.809710013495186454e-01,4.058269809607596978e-01,1.306908465244962236e-01,-6.374159096074021313e-01,-5.445673916635969114e-01,3.289803407530773049e-01
-3.224236407496840484e-01,3.350047379165996819e-01,3.465948016221487848e-01,1.367439716075554701e-01,-1.699866901030235578e-01,-1.727460972837850384e-01,-1.312182414524884211e-01,4.631029814542616391e-02,-5.190833647406739582e-02,-1.486676449398184885e-01
-2.503998698681861312e-01,-3.409108095233491786e-01,3.305923931901628698e-01,-9.713156149293114550e-02,-6.306360853594329685e-02,-2.096335175480980029e-01,4.172963194712736579e-01,-3.815155656433910636e-01,-1.943216605219239279e-01,5.804722596064987999e-02
-2.857416921912163676e-01,-1.095893903240959116e-01,3.869356361405295024e-03,-5.827051319746162465e-03,-5.944643426171335177e-02,2.252922267576230597e-01,-5.355812847286585132e-01,-1.075405591026970531e-02,-2.076109459663632306e-01,-1.991899781913030743e-01
1.150142585784980354e-01,8.647021639004778271e-01,-5.800916594114678693e-02,8.238131815923639689e-02,-2.962662281141893450e-01,-4.513389176485951282e-01,9.387396770587398409e-01,-9.310042726057112805e-01,8.479290287302460039e-01,6.815419614233158008e-01
2.576679177087397576e-01,2.514087664986789927e-01,2.253399329095477355e-01,-2.429887052953165760e-01,1.647729527955520135e-02,1.440287365070086305e-02,2.142251784753816668e-01,-3.878669204979492968e-01,-1.215341432373029662e-01,-1.122488330720780164e-01
-2.215943226767971286e-01,-3.376785058392025030e-01,5.867786457293989733e-01,-8.438343991598142024e-02,-2.396997002359187723e-01,-1.672818059228365628e-01,4.900059848249511268e-02,-2.386791974022755003e-01,-4.841480152096949152e-01,2.707785842267996790e-01
-1.647846850660634743e-01,-6.068262288121260006e-01,5.336793656035969668e-01,3.354536735739712533e-02,-1.736445046792866875e-01,-9.137042026154873486e-02,5.751115157032713615e-02,-3.583041235484066833e-01,-1.763624051369562518e-01,3.017210290632520997e-01
-2.857699707759504548e-01,-2.012058288696634001e-01,-1.715121655027319891e-01,-5.258758697468565169e-01,-1.534692645775262432e-02,5.005118092635056914e-01,3.495130092347147055e-02,-3.699548280346817153e-01,1.644262570229587106e-01,-1.206600929397824845e-01
-2.140198340670002586e-01,2.861969548485112091e-01,2.631451963433709684e-01,-4.214094204310978586e-01,2.069496856096283144e-01,1.018479402552541213e-01,-8.715271853358759480e-02,-3.093654872042201354e-01,1.284064654927462024e-01,-2.157403873451616341e-02
-2.629866777759444219e-01,-1.386522788725000951e-03,3.241444021470159531e-01,1.366055854994397689e-01,7.153768039573753235e-02,1.294971913859444823e-01,-7.914084325951588339e-02,-4.997265012215943991e-01,-2.416172520984442851e-01,1.784195001800147617e-01
-3.807003302140903045e-02,-3.360176315250321677e-01,-2.583658931528324265e-01,7.379684002985918700e-02,2.711157402930443605e-01,-1.310733904464466693e-01,-2.781316603555485933e-01,-2.796946880661491455e-02,-6.317317926122495431e-02,5.762492871321122506e-02
-3.588704059709695304e-01,-5.374259758638797457e-01,-2.653179149150501903e-01,-5.719081983586966206e-02,1.846700421613469908e-02,2.068908477900615883e-01,2.454110464919050938e-01,-4.822522823831132399e-01,-6.100498997481580699e-02,7.628360545085511278e-03
-4.315278825736166834e-01,-3.955602266823482482e-01,2.382252291032374014e-01,1.302869266409237003e-01,1.197728811105481656e-01,3.901502115886182898e-01,-3.058476741685773881e-01,-8.327610779024371968e-02,2.238184246893692823e-03,-1.840412879232816712e-01
-1.557949688507797026e-01,-1.323299274571217710e-01,3.826716621028782850e-01,7.800086077304578536e-02,1.615262392173272277e-01,-1.179086196566149769e-01,1.155149210453690067e-01,-2.440900366019394252e-01,-5.948526467588890476e-01,1.696938779970456057e-01
-3.683816179615833630e-01,-5.110268657864223130e-01,1.057346675991061111e-03,5.715266389547896814e-02,1.376159670142535763e-01,4.331611161346766714e-01,-4.201618093800098541e-01,-2.538455899408145200e-01,1.502140569903783612e-02,-1.520962966137958672e-01
-3.433658154557944209e-01,2.900301871712095414e-01,3.347972102940239836e-01,1.137874958457286978e-01,4.276776980219390827e-04,-1.107659570012133193e-01,-4.124072367401921402e-01,-2.674102880205861746e-02,7.105921545224835878e-02,-3.199075360371168575e-01
-3.831390331837202234e-01,-2.045576393626148126e-01,6.613861964282703454e-01,1.834031687467804761e-01,-2.100853871119467975e-01,3.162308985354640722e-02,-1.802865269323039310e-01,-2.537769828095631786e-01,-1.801854021302651959e-02,6.955826679443268164e-03
-3.808086790633468666e-01,-3.790790344363518249e-01,4.086183591228105538e-02,-1.728649356184018201e-02,1.138601942970439845e-01,5.594642103895579588e-01,-3.773664708467469042e-01,-1.400679265063257128e-01,2.383281671961047510e-02,-1.106451802914622112e-01
-2.747230316079013468e-01,1.822538605133081913e-01,7.220693428411695258e-02,-5.361768039739170932e-01,-2.051830172990392817e-02,-5.756853376834954877e-03,3.832640978391371744e-01,-3.231800953017787137e-01,9.233941770028501750e-02,-8.252123111772337316e-02
-3.309285917639348540e-01,-1.174356813524487925e-01,7.961041693008871212e-01,5.984813779138340069e-03,-1.821728190533528635e-01,4.672478026097479781e-02,6.335593819458980314e-02,-4.727042351500763129e-01,1.455739556545669333e-01,3.082889950038294677e-02
3.465742674682995017e-01,-8.131239769962572694e-02,5.478380099481007515e-02,-1.557636681722593787e-03,5.605934511376025470e-02,2.028420155599473459e-02,3.761340421545700252e-02,-5.740846422080938538e-01,-3.256546410489803423e-01,7.734478686355299171e-02
2.154762656552803857e-01,-1.476263450434041613e-01,1.094412487352932339e-01,2.695052880464769429e-01,1.189844490866812099e-01,-1.444788046858205138e-02,-3.202598576053223844e-01,-4.742588734113944438e-01,-1.476315336279516166e-01,-3.147139244832001387e-02
7.111485214850581382e-01,1.362137988876996608e-01,1.495485808981454057e-01,-6.554917160440486279e-02,-8.930123382804032450e-02,2.930795621333928125e-01,5.352855107262454171e-01,-7.120834500718208337e-01,-4.413631503209743401e-01,2.339432224609379607e-01
6.074684097774468716e-01,-1.231995684459410434e-01,8.662743296790856307e-02,1.186281249002974630e-01,1.097320535194702407e-01,9.913757979565171463e-02,-3.183313069310361176e-01,-2.746479468148632641e-01,-1.797696547200108852e-01,1.617276276396414358e-01
4.739852088104657413e-01,-2.123198437583172782e-01,3.044505924654110698e-02,1.012863914269153814e-01,1.799407795994029113e-01,7.040165271588456897e-02,-4.602854681860041874e-01,-1.943410746652105836e-01,-8.602297340895176392e-02,1.101632288554971334e-01
1.226918194575221666e-01,-3.537950976788359903e-01,5.246590445118055196e-02,2.211589840789190964e-01,4.060648228702012918e-02,-1.661635401260353195e-01,-2.203734057927463075e-02,-5.298031956344577686e-01,-1.812550477365455770e-01,3.864148099473762588e-01
4.953938135928876996e-01,-9.735033465158692001e-02,1.745685756840086034e-01,2.278205587512947827e-01,1.031761189071699752e-01,1.829978232040308794e-01,-3.448133733588347738e-01,-4.348056612445420632e-01,-1.407867096354255276e-01,2.281088904282115026e-02
-1.172636793754986556e-01,-5.143847028594950022e-01,1.670812879354162395e-01,2.032625114762103280e-01,-3.598112481461578360e-01,-4.075597732303227749e-01,-2.882069151194333045e-01,-2.247477809583866837e-01,1.639148572342519483e-01,4.227992420462004519e-01
2.766679535149300651e-01,-4.450845564693010070e-01,1.559403161459079479e-01,1.609164315005818802e-01,8.024699802584715769e-02,-2.101166262683706876e-02,-3.786630899406923656e-01,-2.189908336740140071e-01,-4.999848205390302475e-02,1.912294008509155263e-01
-2.596780887757588197e-02,3.969806006764848433e-02,-2.675675759004959506e-02,2.166389415472019520e-01,1.074407503056323543e-01,8.586115421549542215e-02,-5.411787181752287790e-01,-5.963526776781885586e-01,-1.467339107847526469e-01,-1.139406177524449277e-03
8.694289743603771381e-01,1.337461485007964690e-01,1.120677890137359300e-01,7.172340385258761664e-02,-5.586600456457405106e-02,3.482372002373486652e-01,4.039524168927012826e-01,-6.679544853268160054e-01,-4.674307576711232981e-01,3.667975134421241901e-01
-2.580723009590496497e-01,-1.713973651289562583e-01,-1.344389970320619965e-01,-1.818688005707500277e-01,-1.432691879597339235e-01,1.153300236889170244e-01,-4.407477174881770376e-01,-4.619439068558404277e-02,-4.565064242575739284e-01,8.298069832240520527e-02
-1.342968681197839464e-01,3.759018560291962352e-01,-1.038354376523094313e-01,-4.474799566826473951e-01,-3.084679968453521992e-01,-1.771589314602640963e-02,3.077668803963956243e-02,-1.756091316825683993e-02,1.069483329466016652e-01,-1.976376477305162860e-01
-3.145890637746558416e-01,4.657386445032277167e-01,-1.855216869724205242e-01,7.668198300619571972e-02,-3.476525098143227188e-01,2.923085352706852880e-01,-6.887901360292937314e-01,5.044464911816635144e-01,-5.395480555601298578e-01,-7.136318894126972290e-02
-9.468955695719755150e-02,-1.058279070846045861e-01,-1.210481866056394296e-01,-1.362144828892511428e-01,-1.615379316921949637e-01,1.292165932214859037e-01,-4.407406671639617080e-01,-2.259360048288324430e-01,-1.502406220981775675e-01,-5.678668219188409694e-02
-1.299107101706264977e-01,-2.871792255963463436e-01,2.599451185214774959e-03,-9.565861018005612781e-02,7.519988733331264656e-03,2.474975699903060322e-01,-4.718694198522180860e-01,-2.478529653097493179e-01,-1.209131287418254569e-01,-2.488319424029156526e-02
5.409229108550475118e-01,-1.552935645951141440e-02,4.413736815529552271e-02,-5.126312318321050998e-02,-5.160547834115940952e-03,9.711185178002904039e-02,-2.915739419862539150e-01,-5.100730219379920882e-01,-1.878186440461594719e-01,6.047567084903237439e-02
-1.017567611635917801e-01,3.888901892901447943e-01,-2.686700934881991465e-02,2.266311397291308483e-01,-3.183015651900193976e-01,-1.809981668543926558e-01,3.303052283397174826e-01,-6.728569276259198650e-01,-7.583734194367928172e-01,3.103986350329998034e-01
4.927017441200975956e-01,6.707940257952349494e-02,-3.268467549715006748e-02,-1.709664364287228899e-01,-4.772639624024815203e-02,-1.826159400181179282e-02,-2.101195968928850355e-01,-5.215146765763828407e-01,-1.936937145157774098e-01,6.527770472841688820e-02
6.090435563207924341e-01,-9.063467371669391148e-02,1.706572335712150390e-01,1.400302527832048838e-01,4.943689499819388378e-02,1.688196258765760904e-01,-2.387238275263071363e-01,-3.942249904412110095e-01,-2.359522962861698991e-01,1.135859877005195168e-01
3.113159260080926027e-01,-3.275239062637903542e-01,4.627098253116995741e-02,3.135840591932848032e-02,4.536353569762189425e-02,1.019267591120451288e-01,-3.028347087270866766e-01,-1.553822917723026165e-01,-8.819205063366564179e-02,6.202307802129804204e-02
2.932445943817978476e-02,-7.910813663785858096e-02,-1.716701688304643758e-01,-5.641688629332601568e-02,5.862513937023927646e-02,-2.984673205581034328e-01,3.600432851533456186e-02,-5.614428021025142934e-01,-1.989237738759622731e-01,1.683356362937409867e-01
-2.396382480534970383e-01,3.926292167539348621e-01,-2.914857100702988313e-01,-5.691867106459869152e-02,-3.504632437556591262e-01,5.551945474880536358e-01,-5.598890738468620398e-01,3.573092104406090930e-01,-4.289195229905785611e-01,1.070434408137151301e-02
-4.162853584143693664e-01,-5.983777693716950674e-01,-4.717851766149095405e-01,8.168409480084143359e-02,-5.771105838871332105e-02,1.527210428641280482e-01,3.584446647981137102e-01,-5.532345273690711940e-01,-9.060700585067546498e-02,1.577739902383873752e-02
-2.752109346833534961e-02,-1.438649621796578848e-01,-6.728485852465661277e-02,-8.007923301824733386e-02,3.316394028778634623e-02,9.931230354285102216e-03,-2.996388308505108511e-01,-4.661051101957149889e-01,-1.183784091825814261e-01,4.020436749384359576e-02
4.199152446440710396e-01,-8.138900924742389908e-02,-9.976057152765770153e-02,1.036745462854153123e-02,2.846922135662708839e-02,-2.366997642614947495e-01,-4.935800992339687276e-01,1.858171728677568413e-01,1.281178884323581207e-02,1.575237131452665862e-01
-3.489322749793857814e-02,-1.035907585274128406e-01,2.538459048177363342e-01,-9.624492627451246285e-02,8.243939522873888759e-02,-1.150060711821956211e-01,-1.820619749773902951e-01,-2.403165775330981524e-01,-4.104201456833009992e-02,7.709175844134413813e-02
1.678016969548194459e-01,-5.263793465789816661e-01,9.289986775087669124e-02,5.012632745292886632e-02,-3.013287306727161496e-01,-4.807726326292481311e-01,-3.916324693528505652e-01,-1.874855648960016552e-01,1.829229920012753752e-01,7.542177336563353762e-01
1.285143345340050980e-01,-4.160164214875675670e-01,-2.196348520073361510e-01,1.084518429443646209e-01,-8.091628542187392914e-02,-1.352252762086947058e-01,-3.984835817118719259e-01,-1.403925057612662730e-01,1.085910449347698564e-01,4.738445516776267595e-03
-4.266562050855621235e-01,2.165479829076574769e-01,2.721018688431569021e-01,-1.909355326854845769e-01,2.184086126803709560e-02,3.276436666563145583e-01,-2.626015202294368356e-01,9.097401836740083222e-03,-3.476345281095439416e-02,-2.447364094481948582e-01
1.620463899695727796e-03,-3.329222762321079054e-01,3.880144379796407472e-01,-4.852825084415586521e-02,-2.516243190716760392e-01,-3.916627188434171902e-01,-3.589585183426396431e-01,-2.586234273620230395e-01,8.460788132010278739e-02,4.868315975594403322e-01
-1.824973308962951069e-01,6.759832978109167057e-01,-3.575808563518261818e-01,9.294955703140744818e-02,-4.374456654469998651e-01,1.142692203251303440e-01,-5.252358139148107785e-01,5.634291784693910010e-01,-5.750496890809921879e-01,-1.002524367388021864e-01
1.170232141374060314e-01,-1.860384503849980553e-01,-1.382785288123728473e-01,-2.265348442791055017e-01,-1.357971215524681197e-01,1.014327546523107609e-01,-3.771692612518286469e-01,-2.964305123907833295e-01,-1.807090159669576604e-02,5.511875503947186866e-02
1.426737422008510781e-01,4.561918461543505027e-02,1.151243434586346898e-01,-6.995852730876331305e-02,-8.420563885997987830e-02,-2.155424992812497442e-01,-3.454077233194688401e-01,-6.523961270386575972e-02,2.418540201808486168e-01,-6.906197021151826154e-02
9.018180398179597573e-03,1.379030288860932096e-01,1.039049468933737064e-01,2.977901729364655636e-02,-1.610462418624929726e-01,-1.976009146156252338e-01,-6.289978933909743386e-01,-1.237655665409278377e-01,-8.607807773124340200e-02,2.623941194847632108e-01
-1.943614175959248319e-02,-3.142329779334848139e-01,1.381674823201930469e-01,-2.034559263102077645e-02,-1.287153168783320423e-01,-3.187125575475210915e-01,-4.721494415806062328e-01,-2.033572420405970194e-01,1.013413335292677048e-01,3.395406070001729670e-01
-1.551211155961032540e-01,1.664849292790374358e-01,-2.525727789657100653e-01,-1.082803485500669211e-01,3.524630086589718991e-01,5.521543719339949696e-02,-4.065241060327207667e-01,-4.202344760830691306e-01,9.753938142578681691e-02,4.404329199436486375e-01
-2.809810518316642192e-01,-2.562383695688539298e-01,2.009917156178624431e-01,2.129850602499389622e-01,-1.740254530382554232e-01,-2.879992546087881689e-01,-3.639194929360756725e-01,-2.734383714155158018e-01,8.025765189127341548e-02,1.572347886656785820e-01
-3.519638086397273713e-01,-2.149319368220502235e-01,7.567316977631491966e-04,5.091942486957354852e-01,-7.382052189955581878e-02,-1.720147123082160084e-02,-2.565603646400703708e-01,-3.592684405594194219e-01,1.854708947665738294e-01,7.938734589649115714e-02
-1.695296810546393640e-01,1.211559785175350956e-01,-2.048780095826964742e-01,-1.703502827858241475e-01,-7.110954796942260681e-02,2.241704121393326976e-01,-5.557685068938011952e-01,-2.731017371557483142e-01,-1.055133507062576692e-01,4.577064643794533094e-02
-3.925503298565670707e-01,-4.670546722657609867e-02,-8.595122869357339768e-02,-5.391397967073037201e-01,2.092317836333544567e-01,8.262810969579700293e-01,-3.107053259946394030e-01,-3.227146072396905874e-01,1.821893015679364736e-01,8.980059132144627143e-02
3.276767018806228671e-01,-3.191891578620222325e-01,-2.702584917049282234e-02,-7.092822149971318713e-02,1.202955307700613813e-03,4.414092866395259718e-02,-1.731200070518253975e-01,-3.333474209052286752e-01,-3.982195046467289917e-02,1.529296871383679923e-01
3.134372473203524967e-01,-3.026504055709287044e-01,-1.253241799533358347e-02,-8.708492296943337943e-03,5.891764172826824408e-02,-1.424342101256939053e-01,-2.490581724661162233e-01,-1.137346411951464520e-01,-1.017368130593083869e-01,5.682554412336762208e-03
5.294116047367666278e-01,5.612174452875597769e-02,-2.292336118991002841e-02,-1.610714782843414017e-01,-4.582814416672550267e-02,1.243183548723348318e-02,-2.165598130548007094e-01,-5.368382507578701723e-01,-1.884743904478047294e-01,6.119159817154927461e-02
5.253100945460374982e-01,-8.980314648417173085e-02,1.385470540506721637e-01,9.983960389388446544e-02,2.745167977820148555e-02,7.749214386349019545e-02,-3.378516162058046168e-01,-4.089500001279349206e-01,-2.053034522696745579e-01,1.393379116698584448e-02
5.042360483148751182e-01,-1.234595472494178503e-01,6.233953965732742103e-02,1.427159897473297689e-01,-3.628035526053080551e-02,-1.603825938664741324e-01,-2.925645748386312972e-01,-2.439338088328659587e-02,9.190775244859729354e-02,2.653389236738113999e-01
4.527055202612747520e-01,9.151199117755663692e-02,-1.373065112859708954e-02,-2.107025837322964168e-01,-6.229374776691812970e-02,4.374040702294335753e-02,-1.645790676791483720e-01,-6.648514528456206385e-01,-2.387767633531397427e-01,9.219110114757600449e-02
4.044676863998046823e-01,-3.980336865271654201e-01,-2.259570636809065947e-01,-1.191643629231750601e-02,8.674151957929643331e-03,-2.229992813816718822e-01,-2.907305394517308850e-01,1.518384219697758164e-01,-9.203665275713162133e-03,9.426903631805264028e-02
4.316039096713080725e-01,4.535414853261170859e-02,-2.478564728414625953e-02,-2.303041559181438491e-01,-5.414079818638964370e-02,6.361870171330377688e-02,-1.970683695431417470e-01,-6.027795741372081739e-01,-1.746704032110354410e-01,9.168383229535410905e-02
-2.375648382313599594e-01,4.857253497131565068e-01,-1.574373272839053040e-01,-3.592927313993551919e-01,-3.388063712699431601e-02,-1.232754088876107934e-01,5.777547026926049129e-02,-1.179540536308985692e-02,4.941564052523842593e-02,-9.730604189082538158e-02
-2.661079974044982532e-01,7.730146642500190790e-01,-3.661880539018855241e-01,-1.218266784928207086e-01,-3.571461375074913014e-01,1.216315448741728429e-02,-2.582752838179706578e-01,2.058105465018787161e-01,-3.687096531976277181e-01,-9.118768730633189379e-02
4.451884439853704412e-01,1.117370404749596785e-01,-9.244668923883647693e-03,-2.159199954682264888e-01,-7.111095280025815646e-02,4.488593903100228204e-03,-1.714246765620017210e-01,-6.539927003385929138e-01,-2.386249054568669037e-01,1.213037602125792702e-01
-4.036485186359676791e-01,-1.136743324130468635e-01,-3.510733830226361318e-01,5.216680916736335383e-02,4.412224187650768403e-01,-1.841751983971021966e-01,1.467481917327773631e-02,1.606053473036927470e-01,-1.926535076882329167e-01,7.373632854675385992e-04
-1.978688840415903372e-01,2.905569397944718357e-01,2.135047175254901897e-01,-3.684735502958789155e-01,1.121135185473177975e-01,-2.233941070368196669e-01,2.042777005111442445e-01,-2.420469284809306787e-01,-3.168433956936290707e-01,3.115071238458242964e-01
-3.262838452030007441e-01,5.387394714757511027e-02,-2.718580483235410461e-01,-3.879488955511836146e-01,-4.707484017459658832e-01,2.326330072583354391e-01,-1.399888928397250050e-02,-3.447211810701735768e-01,-2.933338001719459909e-01,9.447624691340864023e-02
-2.670034207466148168e-01,5.891582715111921553e-01,3.927471217379414070e-01,-2.561245296252204762e-01,1.989371467727070741e-01,-3.817181801856720513e-01,-8.372430076010308007e-04,5.257275605068632840e-02,-4.985542821018581344e-02,3.249698404087592030e-03
5.035518700828666913e-03,-2.975722702451613633e-01,-1.483759855934261573e-01,-2.013779880520021048e-01,-5.941548331782688791e-02,7.347158651286564424e-02,-1.677144181052677985e-01,-3.592252327838311166e-01,4.009837546771492789e-02,-8.244400823574977999e-02
2.585402040892297026e-03,-5.001216648613099336e-01,3.632018030004606213e-01,3.150330950865348062e-02,-4.849943410129269744e-02,-2.066052848776202822e-01,1.079375467001190692e-01,-5.379300594330302943e-01,-5.817456766800109536e-02,7.285954211674979808e-01
5.399817133707468519e-01,-6.190967438780763110e-02,-6.776224195129884609e-02,1.087792644760767202e-01,1.192843351401235291e-01,-1.056375158400464365e-01,-2.716392743608394000e-01,-1.726465855500343982e-01,2.916715497948050295e-01,1.795581190407547489e-01
4.316039096713080725e-01,4.535414853261170859e-02,-2.478564728414625953e-02,-2.303041559181438491e-01,-5.414079818638964370e-02,6.361870171330377688e-02,-1.970683695431417470e-01,-6.027795741372081739e-01,-1.746704032110354410e-01,9.168383229535410905e-02
3.711280133405690518e-01,-1.505211296790096576e-01,-1.422385289176029688e-01,-8.265302366182773752e-02,8.825263500082759782e-02,-5.331279963914861697e-02,-3.157566613514865006e-01,1.847633744852242021e-01,1.375599831325418076e-01,-8.229320813529335255e-02
4.451884439853704412e-01,1.117370404749596785e-01,-9.244668923883647693e-03,-2.159199954682264888e-01,-7.111095280025815646e-02,4.488593903100228204e-03,-1.714246765620017210e-01,-6.539927003385929138e-01,-2.386249054568669037e-01,1.213037602125792702e-01
-2.978230520991884123e-01,2.635864433862907252e-01,2.216817245916475054e-01,5.128462185276440044e-01,8.001461834681723451e-01,2.176298522959346782e-02,-2.832307071797099951e-01,-3.004498602445376809e-02,-2.318034459393069624e-01,1.454641931148870637e-01
-2.990413923446729183e-01,2.130505803004042742e-01,1.680761935999172396e-01,5.189543910159575280e-01,7.573114120306260189e-01,5.658665445247001297e-02,-2.553851356398937900e-01,-1.398770079564716495e-01,-2.173425775335461052e-01,1.053277229830454076e-01
-1.860839357539551542e-01,1.531228379590436339e-01,1.505447991014336462e-01,3.541175737166685766e-01,4.170665329741352068e-01,-2.330299401896531938e-02,-2.013413407463842952e-01,-3.461876645176835687e-01,-9.617420130010546908e-02,8.825928542259789400e-02
-1.291753014131970072e-02,3.800134230942368019e-01,7.307018047489998239e-03,-3.685809073863222651e-01,-2.233295333171465280e-01,-2.770385044277489106e-01,3.534847917916750792e-01,2.195792005571708116e-01,-2.441096831350151805e-02,-4.029552061313488309e-01
4.600668655276229368e-01,-1.390196733334754867e-02,-5.202420223019707524e-02,-1.471821062734648689e-01,-2.923966249242378884e-02,-1.274565106778011159e-02,-2.374637409308682223e-01,-4.661707286723807964e-01,-1.873192333401124676e-01,7.805018823310783116e-02
4.278672209448651786e-01,-2.061141267277913636e-01,-1.172044976454257176e-01,-6.726744512454538305e-02,3.475857416349249773e-02,-1.798604887306550285e-02,-3.079060103522774372e-01,-3.029520896000701402e-01,-8.096315756613613190e-02,1.637423943722511252e-02
4.927017441200975956e-01,6.707940257952349494e-02,-3.268467549715006748e-02,-1.709664364287228899e-01,-4.772639624024815203e-02,-1.826159400181179282e-02,-2.101195968928850355e-01,-5.215146765763828407e-01,-1.936937145157774098e-01,6.527770472841688820e-02
5.946155604076756029e-01,5.898380492807352854e-02,-5.210280053919923854e-02,-1.351812749924985735e-01,-1.751456513772840090e-02,-1.101124975794359577e-02,-2.303531209138166835e-01,-4.318813752213178092e-01,-1.420284049041402874e-01,5.212637460876111406e-02
1.412466958531638506e-01,-1.733068875596775749e-01,1.621597723996624496e-01,-1.074868898926912980e-01,-1.388167773611700961e-01,-4.083062970229339728e-01,-3.238986800586099446e-01,-6.339914826654509394e-02,7.598721247966268300e-02,3.397067675777565299e-01
4.813971337651910543e-01,1.935660753467594378e-02,-5.091083946892588363e-02,-1.608000614796857852e-01,-3.615095483417047478e-02,-1.082915788447710512e-02,-2.178185954351689324e-01,-4.821933148835452210e-01,-1.807398847150311905e-01,6.615858081328711282e-02
3.087924354979894592e-01,-2.505474967986325852e-01,-1.225093000021287154e-01,-1.444566520330324046e-02,2.657888817414831226e-02,-1.566405404775963461e-01,-3.863428472615235143e-01,-1.554179060014411473e-01,-9.797173010460229203e-02,4.231295783179059994e-02
9.182383548094068537e-01,2.288450044943426409e-01,1.292099695894854683e-01,4.220851618802200222e-02,-9.486424335808837927e-02,3.008084681598123811e-01,3.775115537736682958e-01,-7.753749861046285163e-01,-4.474673591106003157e-01,1.759298514970776273e-01
9.646933162432970166e-01,2.312051076399493366e-01,1.220702230509040642e-01,4.748279614241773805e-02,-1.051992816766474798e-01,3.214167953573743852e-01,3.751733754162170920e-01,-7.496304641108172406e-01,-4.317330758871253393e-01,1.789104922424685495e-01
9.182892356486342944e-01,2.288559840501943887e-01,1.291982039312009056e-01,4.220778849197648341e-02,-9.487529082607150388e-02,3.008293231293169834e-01,3.774837305976269652e-01,-7.753365950993225120e-01,-4.474558107906141391e-01,1.759271298080214152e-01
6.392555253632153933e-01,1.401666274133209766e-01,1.222541655592723486e-01,-6.152508161861539732e-02,-8.127663066456568275e-02,6.113639494982833072e-02,3.306261958809011969e-01,-5.485994717154147882e-01,-2.792767454492884327e-01,5.724415168765599748e-01
8.861551589137237617e-01,2.276780452647342856e-01,1.356738035420286537e-01,3.893358159034913946e-02,-8.768086688440562826e-02,2.841136331971989004e-01,3.850061875903671993e-01,-7.883263357311725006e-01,-4.575752819904035373e-01,1.741546317422730250e-01
4.083231106045202563e-01,4.427349506952570762e-02,-8.290330694453425589e-03,-2.119168773560845542e-01,-6.712292342859002559e-02,-3.829972474389073400e-02,-2.462787192461233232e-01,-5.322877071184515252e-01,-2.029538683802614429e-01,9.973514963363991348e-02
-1.172280033128639820e-01,2.655414170039012769e-02,-1.148985982910419174e-01,-1.745569044070734155e-01,2.277376937352782460e-01,-2.987968480468240484e-01,-2.547281687602951372e-01,-1.553188706823556975e-01,-2.989731169257228011e-02,2.944868461550128047e-01
-4.351429997293945751e-01,4.857769666388531138e-01,2.678800620158239276e-01,-7.732993918860055216e-02,-8.319164284039471183e-03,2.449155273490115081e-01,-3.779722772222951499e-01,1.697120210789634931e-01,-3.809936894880695535e-01,-1.420474315974639135e-01
-3.114152785821659997e-01,-1.143816440078543883e-01,4.980590745955503773e-01,1.098586848139413152e-01,-2.686265558188666858e-01,-1.873596612140194795e-01,-4.662648621889928235e-02,-3.337484385423994393e-01,3.186569173198841587e-01,-1.349520258666137840e-01
-3.988562513124291886e-01,1.229666472492852020e-01,2.302835579250702980e-01,-4.372053272892196391e-02,1.305300883073707771e-02,2.355673475602942657e-01,-4.133022584900169494e-01,7.236694935627960637e-03,-1.010460206295884233e-01,-1.223694472386630955e-01
-2.905232355039819581e-01,2.849844756546450822e-02,4.546210312422068744e-01,1.748625699815314904e-01,4.228956062154837908e-02,-1.166282651442807627e-01,-3.479674628061696917e-01,-2.182431685969984936e-01,-4.406750275837212349e-02,-2.462867789831903187e-01
-9.335683427785103350e-02,-5.665044810606872927e-01,-3.058878544188624038e-01,-8.182910695560371983e-02,-2.232738029226422893e-01,-3.721032575175619028e-01,-1.566228947753934772e-02,3.686513252788570921e-02,-3.723939803716362629e-02,1.752746323550601060e-01
3.716343134935926606e-01,-1.661769402436691079e-01,-1.948612503018633535e-01,-1.770929046337534896e-01,-1.350513484422723454e-01,-7.715877569746594500e-02,-2.211712381065285560e-01,-1.020611120686768375e-01,-1.051235433036048356e-02,-8.362650904958777998e-02
-1.779420259353449163e-01,3.812492495580481200e-01,-2.572000712339758133e-01,3.282511662262729280e-01,-1.199044647316114265e-01,-1.715810004174781189e-01,-2.679059132391851117e-01,-6.774123076314597647e-01,2.722862969046430104e-01,-2.527750687354912359e-02
3.479406857180143975e-01,1.547488465426343288e-02,-1.130344658205066216e-01,-3.019006897322475402e-01,-1.043033456151702121e-01,9.359374093764680214e-02,-1.316691610487850661e-01,-5.648859046358615243e-01,-1.114062902706939168e-01,6.235135552230190031e-02
4.388064238422085261e-01,5.583250473874315500e-02,2.244039261962536488e-02,-4.855896510499827651e-02,-5.180192581527930107e-02,-7.987134330433261209e-02,-2.950814137970111384e-01,-6.260269681749502935e-01,-2.835552437758448452e-01,7.342825926166836326e-02
4.417360213119270740e-01,1.749437829958364748e-02,-4.465815890709038533e-02,-2.225794973587919834e-01,-4.670238436861329917e-02,4.894508551017604653e-02,-1.703877075129855145e-01,-5.355994142364240984e-01,-2.054784101332898794e-01,1.188623206777162655e-01
5.866599362613399427e-01,-7.811030534822052673e-02,-2.850685489366703435e-02,-2.305231062186689772e-02,3.355330525612766623e-02,9.460388683885831776e-03,-2.987200695266191142e-01,-3.378999413752356573e-01,-1.736799520452900758e-01,5.259556686556206284e-02
4.326406531759132701e-01,4.604238602841079914e-02,-4.699977221560047713e-02,-1.793973438643448881e-01,-6.588283119590912507e-02,-3.953642057937319793e-02,-2.763453745173251597e-01,-5.319223522040950058e-01,-2.223274669741162057e-01,1.062527230981217680e-01
2.268767698676397992e-01,-2.605026103872224996e-01,-1.178942691330942538e-01,9.417846525434203642e-02,-5.345652111361749725e-02,-2.097715597122416786e-01,-5.203021655170684268e-01,-7.245013878498930693e-02,2.617362458894795796e-01,4.659154656243305603e-02
3.792216058465535666e-01,1.042306973479008858e-01,-8.028990095278598985e-03,-2.262673857190673488e-01,-8.250566836223816036e-02,-4.473774413546124928e-02,-2.116073034520790097e-01,-6.454023537608801764e-01,-2.732221874554824903e-01,1.363852483749365407e-01
8.184253691075917825e-01,1.385358211135869766e-01,1.441156461724324434e-01,1.897068711516742764e-02,-6.844779514827598055e-02,3.408528680405674138e-01,4.861470892986351489e-01,-6.930723923448613988e-01,-4.711064421103460798e-01,3.031695845339117401e-01
6.021695591789668622e-01,5.123703373884737344e-02,-5.033366246375575032e-02,-1.358768254238491013e-01,-1.583858131899357896e-02,4.707144060611225672e-02,-2.376467568411647358e-01,-4.481796538180520262e-01,-1.378452930056646986e-01,9.916028296213610926e-02
4.417360213119270740e-01,1.749437829958364748e-02,-4.465815890709038533e-02,-2.225794973587919834e-01,-4.670238436861329917e-02,4.894508551017604653e-02,-1.703877075129855145e-01,-5.355994142364240984e-01,-2.054784101332898794e-01,1.188623206777162655e-01
3.959258541351121097e-01,8.333157259338680456e-02,-2.520649671725945160e-02,-2.195844177351259363e-01,-7.984333704001272958e-02,-5.457445476770500514e-02,-2.309712193860582741e-01,-5.877761757143193933e-01,-2.459034349351892912e-01,1.122532718960331105e-01
6.021695591789668622e-01,5.123703373884737344e-02,-5.033366246375575032e-02,-1.358768254238491013e-01,-1.583858131899357896e-02,4.707144060611225672e-02,-2.376467568411647358e-01,-4.481796538180520262e-01,-1.378452930056646986e-01,9.916028296213610926e-02
3.868034206022685217e-01,2.577316114067873185e-02,-2.504357192258082482e-02,-2.404844369269923676e-01,-5.751539543986335795e-02,2.869124726659944263e-03,-2.325612644502740023e-01,-5.560011261264332649e-01,-1.920362956715505887e-01,9.214344745233740697e-02
3.868034206022685217e-01,2.577316114067873185e-02,-2.504357192258082482e-02,-2.404844369269923676e-01,-5.751539543986335795e-02,2.869124726659944263e-03,-2.325612644502740023e-01,-5.560011261264332649e-01,-1.920362956715505887e-01,9.214344745233740697e-02
4.417360213119270740e-01,1.749437829958364748e-02,-4.465815890709038533e-02,-2.225794973587919834e-01,-4.670238436861329917e-02,4.894508551017604653e-02,-1.703877075129855145e-01,-5.355994142364240984e-01,-2.054784101332898794e-01,1.188623206777162655e-01
6.499495020085092056e-01,5.048050791671054166e-02,-8.237770096814765741e-02,-5.598851712379641909e-02,-1.816745288977661757e-02,-2.144315920950038562e-02,-1.808747664072907768e-01,-3.727812688686332199e-01,-2.358154311011644855e-01,8.603050425223920938e-02
5.149544542907472655e-01,-2.946386302912893523e-02,-1.387870859564207561e-02,-8.229139786743744356e-02,9.285120379570705601e-03,-8.407782098755561817e-03,-3.370620726774675169e-01,-3.336781323583897785e-01,-3.234094523072307548e-02,8.008421752092181878e-02
4.224749235764008182e-01,2.649312588797545463e-03,-5.645072386564761735e-02,-2.081395934980002083e-01,-6.003943773890110108e-02,-2.757644637668831000e-02,-2.381671204297985955e-01,-4.752164739713817254e-01,-1.816747336712231375e-01,7.384576791639332893e-02
-3.990481710598231015e-03,-8.373019609538041863e-02,-2.259487295930537598e-01,-1.892186315496275362e-01,-8.135988262396334769e-02,-5.232192509349548742e-02,-2.744890404878452261e-01,-1.717802613463784989e-01,-1.702681517770941733e-01,-2.278657258624541479e-02
2.458565826075334582e-01,-3.852869669882288961e-01,-1.205069469259190534e-01,7.937653854865503456e-02,6.285887748842371170e-02,-2.115954853590804874e-01,-1.914104596157795990e-01,-7.674087890217667907e-02,-1.023727181179252821e-01,-3.848777127285689641e-03
2.268765713897682723e-01,-2.605025351945250978e-01,-1.178941888535066512e-01,9.417852072310448075e-02,-5.345652429215415335e-02,-2.097715352935507205e-01,-5.203021281730715319e-01,-7.245028794634023050e-02,2.617363173616367167e-01,4.659147283336270012e-02
3.921677199161578420e-01,-6.349577033171678641e-04,-2.601728726437168085e-02,-2.211407317526605520e-01,-4.699849706742161015e-02,3.892919575254372155e-02,-1.734393248278102428e-01,-5.360397872111577477e-01,-2.416849540192968493e-01,1.752536571111705799e-01
4.345648215736292452e-01,1.215104103118794521e-01,-1.173950704775963971e-02,-2.150959347066422334e-01,-7.292399315799139026e-02,-1.786277384130710230e-02,-1.633044596662900361e-01,-6.511519274317449923e-01,-2.711186831366745875e-01,1.386356006825408826e-01
4.599430099000221261e-01,1.122315266728645261e-01,-2.356860580424132573e-02,-1.884681226626782891e-01,-5.916851187311901461e-02,-2.914077418532276531e-02,-2.216010899835311465e-01,-6.059308466433550588e-01,-2.283348084865112759e-01,1.155905360090956208e-01
-3.366246504406014139e-01,-3.068656734432012034e-01,5.231699926510439275e-02,1.379419373986389696e-01,-1.546400156314810537e-01,2.554962638993772961e-01,-5.800898587982382670e-01,-7.401216444366035679e-03,-4.127984715756867484e-02,-3.488654298418226302e-02
7.900929742500313324e-01,1.546054601792616057e-01,1.484289332711364318e-01,-7.491572785753465927e-03,-6.574296790666997459e-02,3.049148247029749292e-01,4.952299243663528805e-01,-6.768543501132444629e-01,-4.661716288676358566e-01,2.603075592906640701e-01
4.944372361271463512e-01,1.170289137670689657e-02,-2.168135931763671975e-02,-1.617341985910985269e-01,-3.010471840748486089e-02,7.449995817689558653e-02,-2.612063303186756280e-01,-5.333811722785889442e-01,-1.708963644955300287e-01,1.026444521033629126e-01
7.857310361120113662e-02,-2.749683795912538087e-01,-2.220785401864560915e-01,3.912192269459176253e-02,-1.310355370545680798e-01,-2.803785543417780524e-01,-4.089133370788756716e-01,2.146395296460738289e-01,2.083838953986021925e-01,-1.171154441197199275e-01
1.660722504764105822e-01,1.452514829077511957e-03,-1.465960964376456788e-01,-3.129346349773049485e-01,-2.510999354308286469e-01,1.115305544011512412e-01,-2.107521014385158320e-01,-4.159220528305431763e-01,-1.795051680157383478e-01,4.888287641591892302e-02
-2.530028198373793225e-01,-3.271086081791126920e-01,1.262874583091990466e-01,2.104131119096746549e-01,5.739825018973166576e-02,-1.839560029389728235e-01,-2.588858070214618556e-01,-4.067992705317305391e-01,2.287893495112983955e-01,2.442931304395056791e-01
-2.850347029162156320e-01,-1.424821684764748519e-01,6.574063316550361469e-01,2.033172959993496398e-01,8.271244445468113604e-02,6.130400718487437617e-01,1.725962926985267765e-01,-3.535434438604131979e-01,-3.984339230185821035e-01,4.832608586157931541e-01
-5.118999667565313771e-01,-6.494655037611066772e-01,-4.287513922052165749e-01,9.355474668847224562e-02,-2.470393420654489955e-03,-1.484558561070671578e-02,3.253630193316650598e-01,-3.795806828829022539e-01,-1.115714369061873573e-01,-5.729845987618602254e-02
-3.344991379535285358e-01,-4.309416738517708734e-02,2.176928387528893061e-01,-4.664778650817803518e-01,-2.222155218166945445e-01,1.095465509933816195e-01,-1.895032916279770774e-02,-2.606862739757503933e-01,-4.107918619247617475e-01,2.250378997881671006e-01
4.105852740108588694e-01,-4.191012389412516331e-02,2.366559457777888190e-02,3.973539751330269765e-02,-2.008760568748570001e-03,-5.106995979019038345e-02,-3.603020366125344043e-01,-5.086473229903032411e-01,-1.971571628248475483e-01,-1.846168936513853387e-02
2.456866468795103897e-01,-2.263146913703734942e-01,-2.560662347978900355e-01,-8.484427737622841914e-02,-4.154982796234412551e-02,-2.962003060323531098e-02,-2.471269889856301250e-01,2.161854123960874341e-01,1.016056444910975326e-01,-2.716236330635867224e-01
4.750915797838909382e-01,3.545488892375053130e-02,-2.471001488411100899e-02,-2.024200018975218229e-01,-4.804003219706406286e-02,6.323331898782857952e-02,-2.097140239374048476e-01,-5.694661144092131311e-01,-1.718543914354505875e-01,9.621606848406005774e-02
3.318110364840600179e-01,-3.314473826136932894e-02,-1.232987394883718196e-01,-2.971159595503669038e-01,-1.063704844291942231e-01,1.384268531266439894e-01,-1.276621140980088720e-01,-5.471307854596012543e-01,-8.828931714815330123e-02,7.592307944590535873e-02
3.792216058465535666e-01,1.042306973479008858e-01,-8.028990095278598985e-03,-2.262673857190673488e-01,-8.250566836223816036e-02,-4.473774413546124928e-02,-2.116073034520790097e-01,-6.454023537608801764e-01,-2.732221874554824903e-01,1.363852483749365407e-01
2.400883214876831373e-01,-1.077509235157809858e-01,2.028781733027018308e-01,1.055644513788924349e-01,1.262194635735436332e-01,-1.737075768162107958e-02,-3.967674159912462084e-01,-2.980509839212407974e-01,-1.351025568510482722e-01,-5.855289303007949614e-02
-2.174261121439570107e-02,-1.763398143376277150e-01,-1.643761752043569335e-01,4.567605307135000348e-02,1.144265053224276379e-01,-2.622465980326136314e-01,-7.905662002082716744e-02,-5.570202718780544737e-01,-2.117088874759787964e-01,1.691810986277858531e-01
-2.891188092426882350e-01,-1.838313444945774700e-01,4.311947421421484239e-01,-2.487874176231244239e-01,-2.179275755622468724e-01,2.246659256539976224e-01,-1.232616955126129149e-01,-3.308501318900635146e-01,-6.706851895516845463e-01,6.850817342541729582e-01
4.713319476641989469e-01,1.122309727172993848e-01,-1.500350538679270061e-02,-1.788785249535719546e-01,-6.295126490655225671e-02,-4.376830731298820415e-02,-1.951723124925216490e-01,-5.934724620963269803e-01,-2.382146271127573434e-01,9.418267107444787400e-02
-2.943350310973171235e-01,3.851027122898859067e-01,-1.913141970863724839e-01,-4.847495154587865285e-01,1.793718725884562992e-01,7.049593532161306797e-01,-3.966426626011901879e-01,-2.922414688445357789e-01,1.697787662829608191e-01,1.606888391836771568e-01
-1.837178629364839000e-01,5.989191231231461715e-02,-3.395514015158786481e-01,-1.265875655171936898e-01,-2.295266762817548545e-01,1.463704552763333555e-01,-4.725279595712872371e-01,-2.096079234602212515e-01,-1.723293523895526869e-01,2.550419482068344915e-02
-1.393432813572548501e-01,-9.177826071681266518e-02,7.143265506117482122e-01,7.033435083047094583e-02,5.617170837019481826e-03,1.589946004767653076e-01,6.392789784076172710e-01,-2.403565191466420226e-01,-6.167629235106641961e-01,3.538223679721622661e-01
1.823283374583980487e-01,-3.361950136977006481e-02,-2.919037417598419754e-02,-1.483318866088899068e-01,4.833831340495257922e-02,-2.111251938595174737e-01,-1.344843764595290980e-01,-5.420313878913093353e-01,-2.507891278935485690e-01,2.919567094280321462e-01
-3.070788156463428731e-01,-3.275969251610617861e-02,2.522623603668330272e-01,1.469586712974257046e-02,-4.137645345357642002e-02,-2.778021828296000847e-02,-1.960708743211068972e-01,-1.710332137617302795e-01,2.392711930514335728e-01,-1.714009719641313989e-01
-3.902256898301640908e-01,-4.728668195146073505e-01,-4.342269966486287935e-01,4.618476708129031633e-02,-3.123843620893360876e-03,9.571542385701284350e-02,3.055966065343095894e-01,-5.360702398450989392e-01,-1.190012974014905550e-01,5.482426538201214811e-02
-1.652129572631028387e-01,6.577850939272603115e-02,-7.476245982868018336e-02,-4.720426166437003968e-01,-1.012168891113080921e-01,-3.406965885488195001e-03,5.989078023700465936e-01,-3.480317855755300505e-01,-2.821863130754537763e-01,-1.270979721876175361e-01
2.268765236891942816e-01,-2.605025494152362620e-01,-1.178941720713726771e-01,9.417850099193228464e-02,-5.345646448948746660e-02,-2.097715066807520623e-01,-5.203022266488103176e-01,-7.245025159420095950e-02,2.617362098864390862e-01,4.659140969336173638e-02
5.341658906982881261e-01,-4.199956158237895532e-02,-2.956579327126544060e-02,-1.007657587109911518e-01,2.185116209384989697e-02,6.306141499461805078e-02,-2.855662206033354744e-01,-4.280635781002163909e-01,-1.487608796835877267e-01,8.207421379336990452e-02
-5.065424821986133086e-01,-7.315952376442426131e-01,-5.146118604403091545e-01,3.066795600246903161e-02,5.532777034837237790e-02,9.370843684640564608e-02,3.852787709922778081e-01,-3.010453489773120550e-01,-1.172439492002276124e-01,-5.351633520144317979e-02
-2.711521723703445574e-01,-3.237240131733602477e-01,4.028331841311538764e-01,4.029297524663540131e-02,1.388078258190973135e-01,8.842785512086651090e-02,-2.126823629560927742e-01,-3.139387580479925388e-01,-1.698697445731776889e-01,-6.007881646029076227e-03
-1.519037214980135386e-01,3.775136756035994412e-01,3.298500070953507834e-01,-1.963791136326672460e-01,2.658553972579142943e-01,-1.083387109663245529e-01,-3.058944041721972651e-01,-1.530198440246847424e-01,1.173227085143492276e-01,9.781653605072432658e-03
-2.099441523558283618e-01,3.566970200513138178e-01,2.969459859718754369e-01,-9.390254613348134050e-02,4.535663537271040213e-01,-1.984731718772928810e-01,-4.531443779434504160e-01,6.384747429495807314e-02,8.114131816294196942e-02,2.907125480817581709e-01
-4.400029970686081815e-01,4.524358766387097663e-01,3.041337421935758067e-01,1.516884073161555713e-01,-2.944991998107266418e-01,-4.940408596910704497e-02,-1.757619474673861593e-01,2.693057285151422287e-01,-3.606407174983621289e-01,-5.970863825707872774e-02
-2.629479097988051683e-01,5.874468648352489941e-01,-1.932872657968695840e-01,-3.059481251684037506e-01,7.820695060762242190e-02,2.461597415075358897e-01,-2.747330988169181532e-01,-1.801533466807421213e-01,3.777058132271425561e-02,8.591564609143381714e-02
-2.967880637380165484e-02,3.065467584440826343e-01,2.605664298480281915e-01,-1.734069974464037267e-01,1.458431063792970384e-01,-2.681922776608978154e-01,-2.684057216703611970e-01,-1.267368111380995366e-01,2.441028859408313212e-01,1.249128425099162581e-01
1.660692950059010353e-01,-1.748622676738879056e-01,7.306771944951956366e-01,-7.262411373062681308e-02,-2.989954356319038942e-01,4.044863694929611009e-02,2.598989591204663996e-01,-6.462247358557320354e-01,-2.683088083614591501e-01,9.744610655878608307e-01
-2.310951004030898648e-01,1.806461971247667053e-01,5.793241769317962753e-01,-1.671933183763017194e-01,-2.988367464668931564e-02,-2.935808783297251812e-01,-2.918991757494365097e-02,-2.861582139868861230e-01,-7.032846192898584148e-02,6.443429550354080881e-02
-2.964190627827055224e-01,4.975581823891760402e-01,-2.360518433238397440e-01,-3.280203700348939266e-01,1.194265098802868713e-01,-4.092964331704398995e-01,5.420445423722611844e-01,-2.158820412506289310e-01,1.713178004908175178e-02,1.854258132242261325e-01
-2.955916948193753058e-01,3.278513324109615379e-01,-1.521294132321829584e-01,-2.855719766408991167e-01,1.582080042902938577e-01,-3.208623467756701597e-01,2.613166741583998753e-01,-2.036203199271074613e-02,-6.851418562986029415e-02,-7.163761695833238685e-02
-5.195961294378340645e-01,-7.209166757637458511e-01,-5.021990996566907395e-01,6.993051377885793618e-02,1.299010376004366696e-01,6.796748028178910273e-02,4.046074381181621327e-01,-2.688436688260064655e-01,-1.467893671208545525e-01,-2.761466873701191177e-02
-4.039042256135722542e-01,-6.118094741283197635e-01,-3.829127122918575821e-01,-6.068615877644879114e-02,-4.233794916792821272e-03,5.369227058639094996e-02,4.237384151163200996e-01,-3.668318157447317263e-01,-1.639616017905354828e-01,2.029651417074763639e-02
-2.283651015897299463e-01,-1.033784243355654192e-01,-2.187540819880299525e-01,-2.432337856223343309e-01,-3.164490538761619565e-01,8.897379460679374907e-02,-1.017192500253118748e-01,-1.942870946035669122e-01,-1.306031499141707131e-01,-2.256182616030326382e-01
-3.982412420856529245e-01,1.437521399909310327e-01,-2.970258082068772398e-01,-2.672875767149525128e-01,2.233637635986918668e-01,-1.539004879921391233e-01,6.940262987368669423e-01,-1.739197743041540067e-01,-1.867922834412681921e-01,2.503440678742477679e-02
4.557112749233828142e-01,-4.147484993839910261e-02,-6.434896632411925277e-02,-1.366066781465374025e-01,-1.799179366746014169e-02,-1.970747403740130341e-02,-3.269376011691045858e-01,-3.963199767328291490e-01,-1.971716202645175386e-01,1.302344016646604374e-01
5.198937126707923184e-01,7.862703721107394683e-02,9.405552198857044729e-03,8.130623777305664990e-02,3.590508331413994753e-02,-1.864045491181292452e-02,-3.797849819075523881e-01,-5.251784486653141570e-01,-1.905372317311790631e-01,-2.750685503111715766e-02
-4.400484188269266905e-01,8.267198065140798913e-02,-1.813260148930292415e-01,3.752551305226917155e-02,6.212294582555855094e-01,-2.991912609769100673e-01,7.173493075142282904e-02,8.422905056196322571e-02,-3.594778289126777659e-01,1.627609183395431480e-01
-1.366981691135261689e-01,3.389251761021095377e-01,-1.783738913854742147e-01,3.934438187616877691e-01,-2.757335262597684911e-01,-3.081937872833262482e-02,-1.080616906896858104e-01,-7.773853336677095660e-01,2.181993758326605803e-01,-5.147556654964450910e-03
7.032903194146594705e-01,-5.578574791427847596e-02,4.441608559680219198e-02,1.547985619946954106e-01,-6.125064273132346804e-02,2.450295432183213079e-02,-2.144675776406335665e-01,-1.739069026234462967e-01,4.869039630869022306e-02,3.231425800317176966e-01
2.829904761061772800e-01,2.636193958584595598e-01,-2.677278177349065036e-01,3.848940844231553415e-02,-4.553602498111122276e-01,-3.068471541193588670e-01,3.427355524208465787e-01,-3.876630869601437324e-01,-1.198893525558642620e-01,5.297222077454913913e-01
2.356830222857046464e-01,-2.058992916512248639e-01,-4.950032705494689794e-02,-2.090410628418621353e-01,-1.297247233724602433e-01,1.770377955693321070e-01,-1.105703538873102632e-01,-4.789702403887270421e-01,-1.490801522179085181e-01,-4.004147855834942066e-02
5.394507725451498995e-03,-4.858794421834775612e-01,5.721175366877890855e-01,-3.543980591007383184e-03,-2.236426617587171095e-01,-1.838156838990609165e-01,-4.984818056533981551e-02,-5.110287940880923196e-01,-3.298909776692577484e-02,6.701425067873200137e-01
-2.171825211719592974e-01,5.008864101408140312e-01,2.418300937805678563e-01,-2.256727380124965987e-01,3.539998237223659916e-01,-1.573479995460425607e-01,-2.071827381471430252e-01,-1.061232427286282476e-01,3.151228345886553789e-02,6.063124871847365427e-02
-3.657346776693975454e-01,6.406619498698802317e-01,-1.046218312886191409e-01,-4.295505251496392618e-01,1.784997832086047675e-01,-4.308571146514225125e-01,6.651372744573056384e-01,-6.698523749937755623e-02,-4.252301512204579442e-02,1.021311294093603661e-01
-1.242428337524957398e-02,-1.460502841144128150e-01,-2.655915173605903276e-02,1.103871500414106560e-01,-1.628898308700676978e-01,-1.800658332027822162e-01,-4.708268797099040559e-01,-1.232601611083980059e-01,2.197900941349837933e-01,-2.363721706333732353e-01
4.326030434341981423e-01,-2.753843914595469622e-01,1.232310732042359303e-01,1.855247277599104960e-01,1.674074078854779768e-01,2.234651873198370206e-02,-4.245974486427662176e-01,-1.866422865191036118e-01,-6.542274544875699427e-02,1.737067845042918057e-01
4.676921831059854817e-01,1.832279279021836044e-02,-2.310602345039781610e-02,-1.958399529039936415e-01,-7.016541061404518720e-02,-2.618616004587295473e-02,-2.068284957908383959e-01,-3.984536850778275241e-01,-1.617279410149381758e-01,4.190750310591287962e-03
6.667288429293218854e-01,2.011657286295590388e-02,8.597599634681046821e-02,2.571254929493567085e-02,1.150787965455625939e-03,8.216911222936792991e-02,-2.284475506141972201e-01,-4.370939962885052599e-01,-2.403415833019916792e-01,3.296317004570192138e-02
-3.881553673336463617e-01,-3.436125019649717283e-01,1.336397392518258453e-01,8.664203186434292492e-02,1.630970160131403335e-01,-1.261770510693008551e-01,3.200311244543015132e-02,-3.004084128648845664e-01,-2.654085461756248709e-01,-3.439878891540632498e-03
-2.869666276930426529e-01,-1.536477492454122185e-01,-1.663301719507786214e-01,-3.919916391119949162e-01,2.969898602642124380e-02,4.248019544136901748e-01,-2.752460006460716313e-01,-1.654248677534372325e-01,7.061803982815290093e-02,-9.806258702105985492e-02
-8.556922451053786127e-02,3.292304029884739469e-01,-3.813687672417657715e-01,-1.968836628142932033e-01,2.718246330430234559e-01,-3.121762181697894656e-01,3.678044547724930620e-03,1.075247623723267626e-01,7.427728899817691299e-02,2.734823089171201649e-01
5.341658906982881261e-01,-4.199956158237895532e-02,-2.956579327126544060e-02,-1.007657587109911518e-01,2.185116209384989697e-02,6.306141499461805078e-02,-2.855662206033354744e-01,-4.280635781002163909e-01,-1.487608796835877267e-01,8.207421379336990452e-02
-2.108973438558036928e-01,2.878801231010004180e-01,-8.171244078927428212e-02,3.643558247757882063e-01,-1.220950284806868735e-01,-1.478009728302730474e-01,-2.798072112096813835e-01,-6.884409232110496601e-01,2.824175519249870203e-01,-2.129350177820499845e-01
1.437259900243960387e-01,-6.811146803269244043e-02,-5.342539509281001020e-02,-1.262041951216359426e-01,5.799090099069639792e-02,-2.191171984714214427e-01,-1.049477810959715957e-01,-5.558415628494371985e-01,-2.583801058271474327e-01,2.822945095176098707e-01
1.031154749328972858e-01,-5.388987119465599163e-01,1.178094976012449419e-01,9.939574420524771581e-02,-3.123608535560709054e-01,-4.824748404135314472e-01,-3.407005550747201350e-01,-2.179766710147047759e-01,2.041944585403979440e-01,7.030633124187939398e-01
-3.724821371988630836e-01,1.878654080332718412e-01,-2.111309316437636474e-01,2.237387385488330549e-01,3.670367169920366601e-01,-4.057274266490494552e-02,-3.149421061850474907e-02,-4.311522155789662136e-01,-4.904520132153117329e-02,4.876527649999481961e-02
-1.823646053268117018e-01,3.590172072798594738e-01,-2.684391380803453631e-01,2.826780215422671771e-01,-1.067423378471239470e-01,-1.643032313071034201e-01,-2.772040751578808693e-01,-6.696788046993481514e-01,2.752094135004973796e-01,-8.855411629252362554e-03
-2.284232546917314977e-01,2.520547723971052756e-01,-1.316397534846084627e-01,3.145678690897122931e-01,2.426349759553833238e-02,-2.014144813857626226e-01,-3.403811672183151282e-01,-6.022307991927621229e-01,1.807283261555532039e-01,-1.612344565613591241e-01
-3.023488840983737935e-01,-5.098996024400824778e-01,-1.418604297716763440e-01,1.891547927069375523e-01,4.195856043371326560e-02,-2.778273800569192042e-01,1.757650432300648935e-02,-4.170082907425708973e-01,-2.976887362930082104e-02,6.918071417283815083e-02
1.432440835851409300e-01,-2.515654782734780270e-01,1.853830590611174611e-01,1.158920250471659891e-01,6.839233146674877917e-02,1.622711503133630884e-01,-3.076921651648762968e-01,-3.892536713528259029e-01,-1.260185635378322788e-01,-3.313557749812591491e-02
4.980255216627759163e-01,6.639667279631251973e-02,-3.030427045811261502e-02,-1.571284119279005853e-01,-3.942485098994784332e-02,3.696328826586032373e-02,-2.661395313543244434e-01,-5.643116697382004610e-01,-1.936219527780643213e-01,9.363246951104600702e-02
5.589281878636778167e-01,-7.071906135316462227e-02,-1.092153797433976503e-01,-2.731723288650742681e-02,-2.593685472889381560e-02,-4.460225156467436530e-02,-3.460091967432004090e-01,-2.369671515562986330e-01,-1.904281538231695492e-01,1.135496503629426224e-01
4.612369730096595455e-01,1.014072412264451634e-01,-2.479402400882817908e-02,-1.853175705566688369e-01,-5.203615442664828727e-02,2.578793235152245303e-02,-2.115640401473491417e-01,-6.503708220687985930e-01,-2.256317478158120227e-01,9.800331532263284462e-02
4.612369730096595455e-01,1.014072412264451634e-01,-2.479402400882817908e-02,-1.853175705566688369e-01,-5.203615442664828727e-02,2.578793235152245303e-02,-2.115640401473491417e-01,-6.503708220687985930e-01,-2.256317478158120227e-01,9.800331532263284462e-02
1.654911496531573378e-01,-5.317880798847295087e-02,-9.016106402496315564e-02,-3.393081505451258084e-01,-1.824328237347898340e-01,1.101503353617305503e-01,-2.244998951100789508e-01,-5.411386538953828484e-01,-1.762163127777780225e-01,5.508827330359254704e-02
7.508283212823909647e-01,-4.745390316612974058e-03,5.290767770668126924e-02,4.614085038046827902e-02,1.075265883458440463e-03,5.834105966448829145e-02,-1.320450959885845904e-02,-4.383285634733786185e-01,-2.082572600014754305e-01,5.623137343197216476e-01
3.712959152822399855e-01,1.557234622156308257e-01,-6.578263631588691929e-02,-2.768543510941491870e-01,-1.124739892344315262e-01,-3.677077985199389554e-02,-9.155205428931915967e-02,-6.392322672477747103e-01,-2.459570097442493608e-01,1.468442702739297390e-01
-2.028437059342416693e-01,2.712329681374060497e-01,-1.498949855756078441e-02,4.487833774348009008e-01,3.445715300712706014e-02,-1.905490839709743089e-01,-2.291121045053933214e-01,-6.734102537659003573e-01,1.459463361960792738e-01,-2.585007335924642269e-01
-3.826516200227710746e-02,3.578247522514313439e-01,1.118523466655445692e-01,-2.215596061382174020e-01,1.650212078444221186e-01,-2.399790539951727197e-01,-8.133430483667607180e-02,-2.946403478817208321e-01,1.827778549273885722e-01,1.642626911525457978e-01
-3.943917320401439941e-01,1.235626655212863495e-01,-1.491780714420739562e-01,-2.320315866678283045e-01,1.536493906448143931e-01,-4.078564382264140420e-01,2.784182286179582855e-01,-2.960528066622294084e-03,-2.674972677222695605e-01,8.423266654019816169e-02
-3.369353778220765538e-01,4.209934868178412670e-01,-1.501720162623182142e-01,-3.171115267948150240e-01,3.127787062990724509e-01,-2.850973519871554673e-01,3.619945213667004058e-01,-5.837380628299471130e-02,-7.885625843912924537e-02,1.116812474437997860e-01
-4.149060209868438154e-01,2.139909874820390412e-01,-8.707506726510985673e-02,4.886637299371483500e-01,1.000000000000000000e+00,-1.710199645167315707e-01,-1.914849831280165116e-01,4.486919065444056054e-02,-3.088851865300902277e-01,3.055226273088537114e-01
-1.523912616125913666e-01,4.507060604315813457e-01,-2.237239228383774148e-01,4.023423284156822932e-01,-5.102642057777521251e-02,-1.527484847304489135e-01,-2.677503139428452084e-01,-7.729822600495703799e-01,2.698213600512045507e-01,-9.202412154048431048e-02
-2.739091786709902943e-01,-2.597594013440736038e-01,8.927255398533452679e-02,-3.556273683831021742e-02,-4.800536291633323294e-01,-5.289903681877117236e-01,-5.674494695543143286e-02,6.344483369004741413e-02,-1.723788519602501845e-01,-1.243937720876932967e-01
-9.107548058408769520e-02,3.915348498364312757e-01,1.954763475096988612e-01,-1.491349084851071038e-01,-1.831306255401702610e-01,-2.897913233646537967e-01,1.597581832102584198e-01,1.553783537288805083e-01,-9.688027677892804834e-02,-5.168611994582628100e-01
-4.899101785702276723e-01,-5.983207139524454599e-01,-4.209336708337492738e-01,2.058878231992533614e-02,7.716595888296684178e-03,-1.213358576598203425e-01,5.866843822257671315e-01,-2.949546064084690999e-01,-2.873205828958605990e-01,-2.391246775930726959e-02
-1.758111977010810290e-01,4.500714127123746078e-01,1.339773113414285954e-01,-4.478122025472039969e-01,9.981340057081315373e-03,-1.939453601033216679e-01,3.085585940659611448e-01,1.126355140196215049e-01,-5.603349826873448708e-02,-3.050522863994303280e-01
-4.311981316776465623e-02,4.295687501120999396e-01,-1.691361927495384498e-01,1.588806157817781450e-01,-1.324396595524705567e-01,-3.171847539144562744e-01,-1.846678326758802516e-02,-7.943849264038894686e-01,3.129864432617570635e-01,5.144575150903690774e-02
-1.930240298920912201e-01,4.228634896111641006e-01,-1.748177364058457195e-01,4.980571156245114373e-01,1.757443619861940795e-02,-1.574448822939040205e-01,-3.773514979591243157e-01,-7.058993336814139985e-01,2.089864519823338429e-01,-2.000241550557772252e-01
-2.436681225638555048e-01,-2.023572094034895019e-01,2.259816108973227711e-01,-2.034753353384139984e-01,-5.945447928107550073e-02,-2.929457795567034228e-01,2.542533693585936616e-01,-2.582354249247855171e-01,-2.212270965914522047e-01,-4.249942702418694346e-02
-2.789609468718745600e-01,-3.128574695391651561e-01,-3.045418340408806435e-01,-3.187963155070141358e-02,-1.482596384891286534e-01,-1.712107821293125942e-01,1.079922919819696764e-01,-3.112556330992265474e-01,-1.561574538736911488e-01,3.020539397691527142e-02
-1.317167704506917447e-01,4.523994434391235830e-01,-2.129578288140815956e-01,-2.446840481230619369e-02,-3.985572743224367054e-01,-6.326844196170372525e-01,6.478593916301431110e-02,2.581384479722701464e-01,-1.144989015543151217e-01,-3.468534406699305128e-01
-2.716742583723327220e-01,4.243086919224079434e-01,-1.271286747612106749e-01,-4.556505178989699867e-01,2.862842118674537029e-02,3.769448579486596729e-01,-3.920224216091753866e-01,-9.708391112265919720e-02,-7.652461823544528738e-03,5.179015059214859412e-02
5.467569485884148373e-01,-1.681916754744110509e-01,-1.979404476582511188e-02,8.829494381731001207e-02,3.236389974920372142e-02,-8.544947534469113370e-02,-2.486196222850882986e-01,-2.551875568976428310e-01,-2.131621279588173656e-01,2.929129587881857191e-02
4.451884096291454651e-01,1.117370369278682246e-01,-9.244666255623579937e-03,-2.159200072348894661e-01,-7.111095749396871557e-02,4.488579471729549873e-03,-1.714246620848157987e-01,-6.539926984361931206e-01,-2.386249203004728592e-01,1.213037527210025224e-01
-4.053859599407974024e-01,1.984040706137732146e-01,4.865269247461170843e-01,-2.872787531237876446e-01,-3.989150971259541184e-02,2.413919120249821346e-02,2.654633258215699509e-01,-7.676497256595057883e-02,1.571265986189210317e-02,-2.135954587670776950e-01
-3.714835653242495317e-01,-1.410637412956680381e-01,-4.828975850166253476e-03,3.663449237053638674e-01,-2.517538510486196368e-01,-3.751230980956627992e-01,-1.758876023627075347e-01,-3.532303688115525642e-01,8.932894808422713051e-02,-4.483221772397193439e-01
-2.948002696443296489e-01,2.741778570059746900e-01,-1.379320464277339064e-01,-3.388288908124707510e-01,1.385862517598525079e-01,-4.003753493069172054e-01,8.754282786259596216e-01,-1.408065510643784768e-01,-3.145924444925017882e-01,1.008887037545129900e-01
3.110066633704739458e-01,-2.692128613123629388e-01,-3.489832634262347161e-02,5.564331285813870626e-02,6.889022047239162783e-02,-2.379424592652423232e-01,-3.731291458496566182e-01,-1.441291535639850907e-01,2.135489321278246644e-01,1.286758588735229802e-01
3.821320412439260794e-01,5.832595098599700073e-02,-1.430297783472160057e-02,-2.398329731924785935e-01,-6.879176997674064931e-02,-1.950884569057122556e-02,-2.265843678196096111e-01,-5.970813846916864787e-01,-2.219882365729961560e-01,1.028886118374070374e-01
-1.523846348144641512e-03,-3.002451381935338781e-01,-1.675073038996807984e-01,-1.382021153183935758e-01,3.167759302383289788e-02,1.090752383329480629e-01,-3.272168006637989346e-01,-4.740388928996603496e-03,2.264646447197862789e-01,-2.247833496724899460e-01
9.661612437486447047e-02,-4.347463674054446447e-01,5.627900863400762954e-02,7.126844453482789055e-02,-2.267140509503166312e-01,-4.429468313187501782e-01,-4.228407688889995741e-01,-1.518574568787106061e-01,1.950842819349624113e-01,4.000497178156842137e-01
-4.953750850961771146e-01,-5.882995833663274832e-01,-3.791420064146816538e-01,2.776916619235138620e-02,2.107672115175220073e-02,-1.682557355187360992e-01,3.399140824917455950e-01,-2.364986220181390653e-01,-1.629221840488107031e-01,-8.227235873573783553e-02
-3.133166170608967516e-01,5.979545672854352789e-01,-1.867565846475619795e-01,-3.744738860337743502e-01,1.940631178529441669e-01,-3.807339299406904409e-01,6.212755341033633361e-01,-1.191911531576190370e-01,-1.562680598992926065e-02,1.397506038291544961e-01
2.381798704932999167e-01,7.157386504141802913e-03,-1.542190383504809803e-01,-2.113898720687732713e-01,-9.455651250605420777e-02,-7.068029022473626410e-02,-2.757706299707311515e-01,-1.957683404843503228e-01,-7.628097730991394154e-02,-7.762861073369438369e-02
4.083231106045202563e-01,4.427349506952570762e-02,-8.290330694453425589e-03,-2.119168773560845542e-01,-6.712292342859002559e-02,-3.829972474389073400e-02,-2.462787192461233232e-01,-5.322877071184515252e-01,-2.029538683802614429e-01,9.973514963363991348e-02
2.893511873779620602e-01,-2.080517243272424210e-01,5.941941146974720478e-02,-6.466955469606240625e-02,6.080547712299810836e-02,-1.692158522835577883e-01,-2.762179469448053926e-01,-2.194982133244585132e-01,-2.409956954689881636e-01,1.317934878106974961e-01
-1.999448316142915516e-01,3.921608750668684196e-01,1.765699169194674678e-01,1.226259246206805840e-02,2.775715619586252014e-01,-2.959066797512090452e-01,-4.415685550465190956e-01,2.259813284985056833e-02,8.809498738113200056e-02,4.599047110259111421e-02
-1.046993089189554860e-01,-2.303897929378819764e-01,2.863973259885611578e-01,-2.281796576595088444e-01,-5.478712363321695811e-03,-2.068957601276652557e-04,-9.432062792445752852e-02,-1.188104986746454927e-01,-7.285974338844908305e-02,-1.319463424487704317e-01
-2.229055400324862768e-01,5.508090442696280675e-01,1.101960976575052792e-01,-3.169630189373491835e-01,2.575124008443310242e-01,-2.188612942561672381e-01,3.196328682082354433e-01,-2.885584934479171193e-01,-9.870877700085667339e-02,2.766456072159242385e-01
-2.271019281945742818e-01,-2.959859297480638696e-01,2.817679182561186879e-01,2.096801196694061120e-01,-2.579345633722856038e-02,-2.230454531256950423e-01,-1.335565067771896791e-02,-4.778416921771430070e-01,2.904265949130681035e-01,2.716087672135921727e-01
-2.206235313684681010e-01,5.773149935804582356e-01,-3.027945651782305569e-01,-2.544831729015993305e-01,3.753986183196555415e-01,-3.187474341129323263e-01,2.278694236834809816e-01,4.376867711340887840e-02,6.022582118003358409e-02,1.651935472220129042e-01
-3.413069616906010961e-01,2.519736364870726053e-01,-1.762569142745780693e-01,-3.176103331067946511e-01,3.445388823308471182e-01,-2.689714386146619951e-01,4.674454297545356241e-01,1.736636495760359236e-02,-2.739017850028896972e-01,4.656293198282387275e-02
-2.930330333450377744e-01,9.328617204194140922e-02,4.221683885518422857e-02,-6.984716972764359877e-01,-2.292845725375826024e-02,6.447586245837918506e-01,-8.196906285691850716e-03,-4.005998297213033688e-01,3.020461895421137077e-01,2.701945908027765693e-03
-3.120014835171916467e-01,1.562523541958508733e-01,-1.788348425457818580e-01,-3.312105293645616344e-01,2.042099486417082166e-01,-1.856674169131459218e-01,8.431698454942787579e-01,-1.454515447414650997e-01,-4.261782557862087151e-01,-1.626389555343557905e-02
-3.724850815931616266e-01,6.226929963943572677e-01,2.860046828479753667e-01,-1.948245020025890506e-01,1.414681646782920132e-01,3.358542256979018537e-01,4.617779590358797592e-02,6.716761663062432997e-02,-6.841035103771234693e-01,2.185612147637520652e-01
-2.862885172086476748e-01,1.619713769270076653e-01,5.130144922215296166e-01,-1.919156528895769875e-02,5.216429031201834376e-02,1.621466006112824154e-01,4.949905561041332419e-02,-3.803523477397418584e-01,-1.183107663364275780e-01,1.469805343711216017e-01
-2.381254687511949186e-01,-3.886517883599940968e-03,-5.303993961265350554e-02,-1.545249087897461460e-01,4.080290816916540830e-01,-1.579894636463656798e-01,-3.146078700089352531e-01,3.864638471712406737e-02,-3.444149700449494755e-02,1.204838158808580473e-01
-2.948667234997982001e-01,2.686635365884058047e-01,-2.073571234447390554e-01,-4.671386656590218456e-01,6.022195688120823842e-02,3.203480205640865663e-01,-2.178086524388817002e-01,-3.323325516184336831e-02,-8.251754777463413126e-02,9.007379637706695863e-02
5.833047132159693282e-01,9.592975896009329345e-03,-1.558443903788929441e-01,-5.070972905556143939e-02,2.076263365723420018e-02,-8.283973814458414631e-02,-2.926932492522054674e-01,-2.414866510691655865e-01,-4.556618952752616858e-02,1.030565669003813134e-01
1.000000000000000000e+00,-5.992415161469007850e-02,5.380359525029489165e-02,1.963082481487619102e-01,6.400767669566642670e-02,1.228204677094296982e-01,-2.274018278981891905e-01,-1.120765310399362558e-01,3.548660566368574965e-02,6.244417152256328540e-01
-2.176669045018665982e-01,8.588709020577722786e-02,-3.979113957545376418e-02,4.696599485006561769e-01,1.599710828325004164e-01,-1.231866198809308532e-01,-1.026991293307172454e-01,-7.097180304487777924e-01,-4.327315410717857969e-02,6.710770954383069031e-02
-1.532190863903202249e-01,4.256167944562649907e-01,-2.272237777831388472e-01,5.131127927289254043e-01,7.714752948343926719e-02,5.356502444905867494e-02,-2.842933085536621385e-01,-8.340564083246403415e-01,-3.711845595137804737e-02,6.088559138363506748e-03
1.506003414507412763e-01,-2.441321265701522081e-01,-2.666258370151724510e-01,-6.467375813371653570e-02,2.451688440520267687e-01,-1.265577975717321890e-01,-3.425142316744315685e-01,2.142221253027832076e-02,-7.832336267923240003e-02,2.181045161830230394e-01
5.654582625499832149e-01,2.137956804351706652e-02,2.996895712581641030e-02,-3.414795028643252683e-02,-3.238786650465308448e-02,-9.404890458854980873e-02,-2.604683640143974910e-01,-2.950470355728134209e-01,-1.448513989907214417e-01,-8.404468438687791310e-02
7.336853772410786290e-01,2.241283543152614022e-01,6.292189094802533300e-02,-4.976139268308614472e-02,-1.116551893646934857e-01,1.126470866390296560e-01,1.330223350533380755e-01,-7.989318312008649725e-01,-4.424135238441062046e-01,2.183664386711255678e-01
3.311465986117262950e-01,-2.667074403803528226e-01,-1.152278921516806526e-01,-1.746843291233995260e-02,-4.490374009323427201e-02,-2.119405915782147376e-01,-1.408533033388745526e-01,-2.017377902080969565e-01,-1.310947712970051970e-01,-7.005963442141298347e-02
-2.590804861453830377e-01,-2.180992031655561159e-01,6.723549880027580583e-01,-8.880211163273304953e-02,-1.322712294527866317e-01,4.090884089494202513e-02,-6.663404453749452450e-02,-3.161265328295456700e-01,-2.199053877850041527e-01,1.599907156396227770e-01
-1.589628930407423757e-01,1.135614486575650395e-01,6.567148096241903765e-01,-2.619539381333158001e-01,-9.924487418657165771e-02,-1.575653272486285394e-01,-3.863843768282525237e-02,-3.437580884475653353e-01,1.846355380620440523e-01,3.187236958356645666e-01
-5.005842661114598968e-01,-6.110217155143948808e-01,-4.530731827733531780e-01,2.253365860642797536e-02,1.759757510576187220e-02,-1.156930107162080501e-01,5.284381622188751848e-01,-2.843967602104179315e-01,-2.639343477636666990e-01,-2.984496776323279643e-02
-3.681392422527735020e-01,3.453999148330630375e-01,2.533378672193146164e-01,6.218187059174606207e-02,-6.904231296853297062e-02,-5.859443247781672692e-01,-2.436211311948248137e-01,1.422306273366107654e-01,-2.644512360546505958e-01,-1.782651691806451943e-01
-1.462368300115295949e-01,3.327740361602516406e-01,4.758631203653181374e-01,-4.458211773498436253e-02,3.286581401893809689e-03,1.536045817086534315e-01,1.155674333774378559e-01,-1.026121281665483553e-01,-1.000000000000000000e+00,5.893121843488110523e-01
-9.420687436593774833e-02,-2.051009958351636756e-02,-3.166624877302061658e-01,-3.952022715557769461e-02,-2.391402575886157067e-01,-5.233574460225882685e-01,4.173990224396115223e-01,2.494100853421290509e-01,-1.203761108636431168e-02,-3.889665846244871328e-01
-2.811132627793467287e-01,1.698299182593177026e-01,-2.051899381417188473e-01,-1.399176927679537663e-01,8.263787570426608942e-02,1.347528274073928889e-01,-3.988223364176722852e-01,-2.644421111532627711e-01,9.969493616174916750e-02,6.711461663425895285e-02
-5.502058978877687190e-02,6.275899129432745971e-01,-5.060131650851048407e-02,6.846187675149765228e-01,1.869822502877130713e-02,2.921514601597691163e-02,-1.397452887465939486e-01,-8.122551885623306989e-01,-3.437907092836733902e-01,3.707168073761652610e-02
-2.160580667577651770e-01,4.284327053404330954e-01,-1.827104664916154586e-01,-1.179733895820428008e-01,-2.776111527979825411e-01,-5.084320370050928739e-01,7.010237426698237573e-02,1.630435609559058585e-01,-2.363318068798599403e-01,-2.678526070209679699e-01
-1.437874910398710127e-01,3.109569719002776012e-01,-6.556161687625029766e-02,-1.601261895662699497e-01,4.094264124069023070e-01,-1.349412711845457968e-01,-1.896940018948415352e-01,-6.580070552664052386e-02,2.246510468350222320e-02,2.384713541603231471e-02
-3.431801344353926364e-01,7.098327672937200516e-02,-8.295876558611973983e-02,4.629331326937557445e-01,2.424436382654614197e-01,-3.052280123548461455e-01,-6.798177024508313127e-02,-3.823188445922571788e-01,-1.848759621246261475e-01,-1.043282544553145452e-01
-7.320022669953225869e-02,3.762399224985352175e-01,-1.012754876896473644e-01,-1.730667285728916538e-01,2.147036367910986621e-01,-2.505888857936356406e-01,1.662667798547084325e-02,-2.477712996627431663e-01,8.211163714830758964e-02,1.613775260410410806e-01
-3.941447261492210252e-01,-8.381510822017473883e-02,4.782621680338547954e-01,-5.011103141736209521e-01,1.452392661653075234e-01,6.525630157776676210e-01,2.684352402251234393e-01,-4.092655873866973271e-01,3.830588966061255762e-01,5.375030417789529447e-02
-1.728783338882392828e-01,5.345192437017369791e-01,-1.885324139825456102e-02,-2.700036503174542690e-01,1.853607040611437995e-01,1.170649446146116712e-01,1.222691268635146961e-01,9.205721160469933217e-02,5.102073673217601135e-02,-2.386362635265252552e-01
-1.638550688447074910e-01,2.040060376946645562e-02,3.927209985739353315e-01,-4.963521556710661642e-01,7.957539804210279899e-02,9.367654420740179066e-02,-1.341379162069421815e-01,-4.413111319890991591e-01,2.049144229879426016e-01,2.327532429490530852e-01
1.054711996931737145e-01,-1.194189985725693653e-01,-2.171619704031710063e-01,-2.148241339294537366e-01,-9.337056189105787107e-02,-8.831660092618948826e-03,-1.991076301874217525e-01,-3.297522922879904672e-01,-3.035508597931707575e-02,-2.403259390788727023e-02
-3.236121523683666568e-01,-5.095927720965977015e-01,7.922077156617454707e-02,-5.582936593634182376e-01,7.785609636224315178e-02,1.000000000000000000e+00,-5.021863218133340578e-02,-5.392401435154949851e-01,4.898361537975113866e-01,-4.469764906276985084e-02
-1.368810731122440671e-01,2.859215102952125664e-01,1.379200640993081817e-01,1.421728394986964718e-02,5.575877167887096642e-01,-2.004327686021663280e-01,-7.035172794516300065e-01,2.036971946585451887e-01,4.418224232061462170e-02,1.867153406968332097e-01
-1.035588211804825270e-01,-2.218829978536432102e-01,-1.777569459443893995e-01,-2.061769968880679815e-01,1.374609581998352814e-01,-3.153364820406694830e-02,-3.378900535016945289e-02,-2.491689349193999814e-01,-3.624383093920017368e-02,-1.834970156817555820e-02
4.099931970232188472e-01,-2.159307264570071161e-01,-1.902168286360721716e-01,5.021629113392532540e-02,2.354700828621442976e-01,-1.088402386997564808e-01,-5.869720616379189293e-01,6.379740935921968115e-02,1.182341141482720348e-01,2.746138396558661654e-01
-4.525558719960215415e-01,-7.198898648794613830e-01,-5.317680173194605509e-01,-5.440582495065575397e-02,2.998329464364369451e-02,1.262539420068201634e-01,4.915085182509489337e-01,-3.490089272527228115e-01,-1.648229247659034058e-01,3.543028055768457363e-02
-1.421579753644172939e-01,-2.785792841213077242e-01,-9.789980582942556242e-02,4.836207878516567832e-02,2.653842606392290970e-01,-2.583816754862655052e-01,-2.883398191889655626e-01,-7.811419693825767674e-02,-5.505689628767503757e-02,1.783060069618976617e-01
5.812581458676279178e-01,1.852438837109129377e-01,5.047810220837931072e-02,-9.674233353706747363e-02,1.371877640891513766e-03,6.418001297332281974e-02,-1.643899870462835894e-02,-5.332646029718132175e-01,-2.425464772114636069e-01,-4.466702517463919109e-02
-2.675085905521697449e-01,-5.119013393617535268e-01,2.858323626813190077e-01,-9.422892148175318616e-02,-3.770116894770269567e-01,-3.643585163631549717e-01,-1.275112904424018923e-01,-2.618853779030186693e-03,-2.843834522000948661e-01,2.179768947935636914e-02
-1.193535627058991966e-01,5.338707685732504427e-01,2.987953864923736935e-02,-8.822645222750452598e-02,-5.505257550733749783e-02,-1.846819692570964011e-01,-3.151075285485208655e-01,2.704810781505365691e-01,-1.294461846873329880e-01,-2.635600067429706983e-01
-2.471175052135039518e-01,-1.047204575542048932e-01,-2.809988175143688927e-01,-1.622212727194819182e-01,-1.958275329778223217e-01,1.881980023441884586e-01,-4.068040564116776059e-01,-1.005682527028474577e-01,-6.346291774609759580e-03,-8.913218129868237527e-02
-2.112889765645549478e-01,4.510124162946388959e-01,4.923776698315459055e-01,9.043636409134215848e-01,-2.490497079616283416e-01,4.367174853362309483e-01,-3.802658867290403116e-02,-6.072047181484532263e-01,-5.397629237152300474e-01,1.295049686610411366e-01
-1.190635692069236529e-01,-3.540885931029442990e-02,-2.049771561520815355e-01,5.202007364024463162e-03,1.382192831546548706e-01,-1.771526570082819496e-01,-3.790601417125323280e-01,-1.592907725281832443e-01,-2.996630642973695680e-03,8.729257845975622876e-02
1.253322966570931118e-01,2.293940820093818556e-01,-1.745131877151777366e-01,-4.665290359733918063e-02,4.547377254723075635e-01,-1.513776137269018107e-01,-5.768669936240917728e-01,-2.716201975388994085e-03,2.082650497750991592e-01,2.721944562418654456e-01
-3.072286368105788257e-01,2.854032965066788732e-02,-3.700770643057346709e-02,-9.726948088890852162e-03,2.800885719416070230e-01,-3.197657673955354718e-01,-2.012536937774412477e-02,-2.040766553306929965e-01,-2.451444396688367833e-01,1.102533121392454823e-01
-4.550278206978088380e-01,-1.663142980724973408e-01,-1.073486461003800713e-01,-4.668980604247267574e-01,1.222940639387097156e-01,8.056400282209622565e-01,-8.245048072542730810e-02,-4.557087093808119826e-01,1.576683053560539727e-01,7.050378914770663585e-02
2.366469821467879486e-01,-1.598416473974864083e-01,-1.184254781191067946e-02,5.951671285851534848e-02,-7.816205193964312348e-02,-2.980466995547296216e-01,-5.099750721172557899e-01,-3.564846575209357216e-02,2.988381653652108505e-01,1.185765383131691386e-01
-2.447661768670606197e-01,-5.409467393069015140e-01,1.877338496882334506e-01,-1.084060172955410017e-01,-3.565938208853398628e-01,-4.342002984035281399e-01,3.737655430367656934e-02,-2.944522521416891719e-02,-2.997876905996203489e-01,7.720967692918635772e-02
-1.499223781993417326e-01,8.712999161706024009e-02,8.112774132635071356e-02,-3.003382162630170993e-01,-2.868379704799777774e-01,-1.904665472946938110e-01,-1.440097765734296709e-01,1.026397081655742588e-01,-1.224777944031717469e-01,-9.028098617006158344e-02
3.789917877483736652e-01,8.953359917687470082e-02,-1.264132624948356987e-01,-2.945094747915632527e-01,-9.002319907473128879e-02,4.276108911276409880e-02,-3.511280145575164380e-02,-5.664239240934005881e-01,-1.575400123422907306e-01,7.843856115713516985e-02
-2.903941940475481265e-01,2.902228602157249648e-01,-2.124649613694828409e-01,-1.343545510415747879e-01,9.468665086991101543e-02,2.411369531546752598e-01,-4.152295397660334952e-01,-3.048440946445840627e-01,6.087584345913633899e-02,9.191630295941020934e-02
-2.688038484448955212e-01,-5.389755452304970662e-01,-2.000546620392606445e-01,8.816276018882496235e-02,5.230449324165672466e-03,-3.427618856384428980e-01,1.161478857842356410e-01,-4.109682238680528732e-01,-1.389123976537275929e-01,1.069417755234757378e-01
4.895183912099194262e-02,-1.814882247068298482e-01,2.606456438585007945e-02,9.517988486574804896e-02,-8.660045882092089198e-02,-2.448552757678676139e-01,-4.854847773646949749e-01,-1.279126025985898030e-01,2.476270473123833027e-01,-1.258648963670413179e-01
-4.228439053315100060e-01,-5.308265463314429944e-01,-3.447150210156655348e-01,-1.592278539579041960e-02,9.460177287822545134e-02,3.071442719686428256e-03,2.766572521923247874e-01,-4.858884780343060150e-01,-1.509722841198172238e-01,5.191189203528936980e-02
5.783383679930126364e-01,1.059663693497600173e-01,-3.836643381915970374e-02,-1.854687864296379052e-01,-5.325576330717522733e-02,1.089049417867104519e-01,-9.208589928109399414e-02,-5.948794430252463128e-01,-2.463703449140597634e-01,1.177101457088256392e-01
3.929064241055382767e-01,1.211644165841118531e-01,-1.673530388218668827e-02,-1.853382854421649906e-01,-8.891935248491728006e-02,-6.736248638199975047e-02,-2.337557841562608874e-01,-6.578927848618724150e-01,-3.068113187036564660e-01,1.700316402064097066e-01
5.155495133400866958e-01,1.634841673258425609e-01,-5.087805224861869507e-02,-8.996817766156699203e-02,-8.062599320753761900e-02,-9.519245744851641267e-02,-1.787884998332559539e-01,-5.949067515595607425e-01,-2.951185252441658746e-01,1.979738079428968456e-01
4.160946298048899261e-01,-3.165916016257791510e-01,-1.975915872489520941e-01,-6.797093990546179687e-02,-4.437674830395348102e-02,-2.059179796792735828e-01,-1.907923925058889469e-01,-3.539262934116324272e-03,-4.303014980534659861e-02,1.394253609414151419e-02
4.750916470119473933e-01,3.545491501295747888e-02,-2.471001528699758726e-02,-2.024199710121232509e-01,-4.804003216138669208e-02,6.323330539981440734e-02,-2.097140042650358360e-01,-5.694660667681386013e-01,-1.718543927476815225e-01,9.621608794807770537e-02
-4.192368979682874475e-01,3.239495505314892720e-01,3.444934160979873372e-01,1.010473875247392128e-01,-1.280024232228577918e-01,1.096302564624126452e-01,-3.699334944001693715e-01,2.823022560538775982e-01,-3.221970475623929797e-01,-2.440103904988985273e-01
-2.359651180918409252e-01,1.656870204450775208e-01,-1.458209214596331293e-01,-8.277786180105689779e-04,2.859140802030815109e-01,-9.246423037371100107e-02,-3.868673969406262181e-01,-2.215386522567802940e-01,1.229229449667720020e-01,-3.723849181828221833e-02
-2.336837844040330348e-01,-3.168764521606518003e-01,7.521714656471929494e-01,8.262515041378080960e-02,-3.718294220946338213e-01,-4.940341891077439096e-02,-7.166775820812019970e-02,-3.887625530109363736e-01,7.563126482748511181e-02,3.211255945139329659e-01
-2.433277481176638612e-01,-3.834061703273416444e-01,7.034789170069766229e-01,7.324646380786768718e-02,-3.817270130735266331e-01,-1.538954646358313416e-01,-1.769134198205114528e-01,-2.458575794388881131e-01,-4.443181194743396900e-01,1.460806299919405471e-01
-3.690577012603331042e-01,-3.644579484947414461e-01,-2.788194314272955943e-01,-4.789669952343467846e-03,-3.419594649759634675e-01,2.005864779891621541e-01,-1.199042668297704423e-01,-3.401000179236369769e-01,-1.078245947460275550e-01,1.310658017032953482e-01
-3.627318220258581305e-01,-5.450770723434804621e-01,-2.523555727184002007e-01,-1.876044468890143398e-03,-5.191984930695107969e-02,2.168237764943253820e-01,-1.990007949210273186e-01,-1.538782077401385229e-01,-1.116490219742165974e-01,-1.001446737390301739e-01
-4.221119200818899131e-01,-5.155538324341956136e-01,-3.658180058956577718e-01,8.176547366413482176e-02,-2.122258260103033478e-01,8.020931426078815873e-02,-1.059651597043581861e-01,-1.180856686635763236e-01,-1.637532847744445075e-01,-1.150436992255601254e-01
-3.377442316341684458e-01,4.188228694292199794e-01,3.049850088582766183e-01,3.719907159679645275e-02,-1.084735542047237933e-01,2.300825426300958099e-01,-5.307707756426432999e-02,1.752578523860958415e-01,-3.692313949842910281e-01,-4.421710500982872771e-01
5.421562165339444128e-01,-7.856686938840537482e-02,-1.112520093750396372e-01,5.153240453402080368e-02,1.259611273735787851e-01,-8.185924005178396579e-02,-3.175264864853205582e-01,-2.078315428222102246e-01,-1.345136476460918884e-01,8.528016853348582837e-02
5.331654783102276474e-01,2.218721303963645808e-02,-3.891586768685764003e-02,-1.376275009280207851e-01,-2.972697038568263006e-02,-3.148122231857121422e-02,-2.670256448926132120e-01,-4.149203639012274403e-01,-9.107879431305067330e-02,6.448548385987634690e-02
4.822239728556232952e-01,-6.493769300937786426e-02,-7.793717978985538475e-02,-1.291083351852497507e-01,-2.589790728075427872e-02,-5.141204063690296006e-02,-2.484054235283082446e-01,-3.955466381755877725e-01,-1.236544408721257787e-01,1.783318321971288228e-02
3.351989824107565741e-01,-2.488398338429002321e-01,-2.069212665496267256e-01,-2.343163044866352490e-02,-9.770052424320238224e-03,-9.688087436230592708e-02,-3.145203251779449261e-01,-2.379222494386259712e-01,-8.629545929445181160e-03,-2.521724337184034700e-02
-1.561540704995452167e-01,-5.407025047132781037e-02,-1.773230533804598663e-01,-4.626781884094080532e-01,-1.824547504404029630e-01,3.710124049246152911e-01,-2.280439707180030029e-01,-4.598996630734892843e-01,-7.994531478318016304e-02,-3.868893651399520767e-02
1.480737270281102524e-01,-1.635953990677595504e-01,-7.988617962468143319e-02,6.577689515735421488e-02,-3.996450166581953442e-03,-1.812218287956608997e-01,-3.577455351414236540e-01,-3.975641063504499750e-01,-1.129641198309030148e-01,-8.829888778127074900e-02
4.822239728556232952e-01,-6.493769300937786426e-02,-7.793717978985538475e-02,-1.291083351852497507e-01,-2.589790728075427872e-02,-5.141204063690296006e-02,-2.484054235283082446e-01,-3.955466381755877725e-01,-1.236544408721257787e-01,1.783318321971288228e-02
5.589281878636778167e-01,-7.071906135316462227e-02,-1.092153797433976503e-01,-2.731723288650742681e-02,-2.593685472889381560e-02,-4.460225156467436530e-02,-3.460091967432004090e-01,-2.369671515562986330e-01,-1.904281538231695492e-01,1.135496503629426224e-01
4.194477309109801988e-01,-9.692855811906668506e-02,-7.623138696221387622e-02,-1.044686372970703020e-01,-4.494372652218715097e-02,-7.979306710377651046e-02,-1.848698084611099801e-01,-4.580045772703621454e-01,-1.853957805094611222e-01,3.051305240663625563e-03
3.416091724350471259e-01,1.168860555907555721e-01,-1.548195018680262602e-01,-2.197896061869117901e-01,1.929267427685475711e-02,-5.518347451430489353e-02,-2.243137268290980313e-01,-5.122576534944638382e-01,-1.212380900301159720e-01,1.635596499753239341e-01
6.078726593563675840e-01,7.141371375249314785e-03,-1.991534279465847004e-02,-7.779360699330092888e-02,-2.266727885883918631e-02,-1.202143810111522965e-02,-2.237162262809569702e-01,-4.308384599875780263e-01,-2.000112233824491159e-01,4.279113137695200741e-02
-1.928406276646987549e-01,-1.666487518589885863e-01,3.169785655316473272e-01,1.521642511203198100e-01,1.282433912297075429e-01,-2.257394317508409354e-01,-9.782232496738716213e-03,-5.457781941975273776e-01,2.857122498448972370e-01,2.533446927095748258e-01
3.986298316409624121e-02,-3.301819877378498469e-01,4.190198722862502612e-01,5.982557809372597048e-03,2.469081052346043179e-02,-1.388349309628349459e-01,-1.685192032347278823e-01,-3.955003844912398647e-01,-3.846455230873058878e-02,5.360164094624246811e-01
-2.116410895294256467e-01,-5.339081403296764838e-01,1.555654100588763078e-01,-1.211965553619588501e-03,-8.093695471646547568e-02,-3.286242083082805965e-01,-7.467862669067086567e-02,-3.368722941925797465e-01,-1.273154715614538135e-01,2.534019685556925805e-01
-4.312255528840319707e-02,-6.574832054382631075e-01,-2.631752503433875678e-01,3.793404140028903276e-02,-1.596877790120666551e-01,-3.826460273401488532e-01,-2.876852324297095309e-02,-1.099562506027403908e-01,-1.492005031144952309e-01,1.520804277988904440e-01
-2.404945743903323385e-01,-4.195287362966211575e-02,4.982868888848459021e-01,-1.139189899643318626e-01,-4.226572996981844965e-02,-1.004340316418244478e-02,-1.220473360780199024e-01,-4.765889118099283506e-01,-1.828812967985244120e-01,1.345985366555979279e-01
-3.921598151632922358e-01,-3.359376269048607866e-01,4.885199852979176666e-02,-2.853561330269168694e-01,5.229817290216411986e-03,8.265245560154864668e-01,-1.869550196779645457e-01,-2.831679285612434538e-01,1.088661731758480550e-01,-2.786270044923113386e-03
-3.067417545068426010e-01,-2.900729727141513892e-01,-7.778674948361574693e-02,-1.065054833032494652e-01,1.971575033987927467e-02,7.350377842653998961e-02,-3.103220803610725054e-01,-1.483536194427051980e-01,1.564049193180968578e-01,-1.568195531083979855e-01
5.256825190375661316e-01,-1.956812155406796316e-01,-2.329355401793599678e-01,-1.819753968367264149e-02,8.127568398417685247e-02,-7.084397114644776228e-02,-4.476017626563856266e-01,1.071733495424360451e-02,1.102125345574037490e-01,1.155664346273760357e-01
1.022898129978256215e-01,-3.448162872247105826e-01,-8.561461486400424870e-02,8.075730597010410960e-02,-3.149490539441022249e-03,-2.156582673040059184e-01,-1.720009384669501373e-01,-9.943747997799497196e-02,-1.016609119668941408e-01,-2.156660372967176276e-01
3.026081318646538509e-01,-2.290782211622299225e-01,-1.294273214940220573e-01,1.328826700455809362e-01,1.415946456310608337e-01,-1.558648629259784257e-01,-4.237790829945751736e-01,-1.850660070489562603e-01,3.179974648359763512e-01,1.123921513533720079e-01
3.679169320684191891e-01,1.681244064038632802e-01,-1.674130616862086751e-01,-9.276147642522113157e-02,-1.287158455770693322e-01,-3.560872312916897875e-01,-1.109410478549189560e-01,2.056697635332923046e-01,4.937920284580583213e-02,-1.280611643851447823e-01
2.178315895767716504e-01,-2.965978293035877456e-01,-2.197830042477070811e-01,9.495982828080069826e-02,8.855972145981365340e-02,-1.041461935705824682e-01,-4.579864722815210065e-01,-1.816576153760265100e-01,3.241970435153580798e-02,3.209024125411589091e-03
-1.744660747225118824e-01,-1.717929130320844100e-01,2.645953052028237606e-01,6.218298327377280027e-02,3.392047605039316682e-01,-9.688662921141771855e-02,-3.156571474266580690e-01,-3.500001269948794236e-01,-9.733128422684559841e-05,2.674759142591686678e-01
3.365150391872288593e-01,-2.389021898408628386e-01,-2.016368662570932890e-01,3.206092203877310143e-02,1.913368660644022834e-02,-1.011803582693601294e-01,-3.664492498158246070e-01,-2.300405132853518553e-01,-1.121778464244847610e-02,-2.181110260373554308e-02
-2.838734333767126139e-01,4.368326997236554599e-01,3.719101491644471458e-01,-1.010680864303204474e-01,3.909114680933677977e-01,-3.278870291471368548e-01,-1.518468137084905412e-01,-5.153942824722887103e-03,-1.351109906634715696e-01,2.416253602041586179e-01
-3.989485426320308337e-01,6.349870815359325293e-01,4.064049509821603956e-01,-1.610090903077125435e-01,6.150905926800426249e-02,1.826161569964876996e-01,2.399264230082130134e-01,-1.057870188237908654e-01,2.832222663827482778e-01,8.593384309506996166e-02
-3.356894912668371700e-01,9.413270576323214955e-01,-1.129988073664119352e-01,4.540889382406845254e-01,-1.787548152188419559e-01,-2.702559236810292420e-02,-2.842933081075820212e-01,-1.145805954802554122e-01,-2.499912921589947101e-01,-6.872901877387561920e-02
2.100093182544075440e-02,-2.138190153395067294e-01,-6.258552700852902662e-02,-2.602944133712558616e-01,-1.151987078927168978e-01,1.204010887168523308e-01,-2.415066180670349394e-01,-4.628714946714319600e-01,-9.255988187919771126e-02,-7.884833507320969381e-02
-2.357185565893440971e-01,-1.742148504163467115e-01,-2.050191425159995640e-01,4.893111921029628247e-02,2.097408072659095180e-01,-1.880628739156257334e-01,-1.498904150673581459e-01,4.488460877743630228e-02,-6.382633212635235864e-02,-1.864722071215354215e-01
-3.614069750135436854e-01,-1.267710066612042219e-01,-2.620819133242512922e-01,-3.739631229618953917e-02,-1.947119324455478528e-01,2.239823801411241211e-01,-2.899734954756317817e-01,8.261042026061026292e-03,-2.199057322021184258e-01,-1.522493957549807819e-01
5.876451916533188546e-01,-1.169582176275942714e-01,-1.851685318819185078e-01,-6.375141203087240915e-02,5.454297603511537931e-03,-7.048006726720756898e-02,-2.856726065416260729e-01,-1.150577850073177255e-01,3.633032836483451877e-02,1.497207177313881164e-02
4.179817925046884763e-01,-1.827989427212868001e-01,-1.594111563611501914e-01,3.560968737587846822e-02,5.325144094027035868e-02,-2.020846001984016316e-01,-4.603874920675232185e-01,2.012858330292389142e-01,4.708911375254237058e-02,1.719187138469476517e-01
4.248080942285275552e-01,-4.270791634739178055e-02,-1.459382175341208954e-01,-2.010313181697143681e-01,-1.335692713555842737e-01,-1.198403222625235576e-01,-2.264892335774134624e-01,-1.040670827767807283e-01,-8.167458314362862617e-04,-7.705386529467084245e-02
2.917977121976389476e-01,-1.928606708055288221e-01,7.348450917816570782e-02,-7.205037011358501886e-02,-7.085504911299256303e-02,1.135859833620129627e-01,-2.779009904048259094e-01,-4.398908083405723146e-01,-1.638317120236875146e-01,6.883047383411487752e-02
3.696097687752459282e-01,-2.514884637244818033e-01,-2.366749315469508508e-01,-1.049540408123179613e-01,-1.158774424363827465e-01,-7.596792398732139795e-02,-2.741823879607487302e-01,5.066443619379861624e-02,2.212244020388643567e-02,-9.775951499666626909e-02
4.168511779021326080e-01,-1.179374199465477724e-01,-1.841781252501386301e-01,-1.275512506343109420e-01,-1.187353859478655210e-01,-1.236859916409828730e-01,-2.951530409310271219e-01,2.794853952454112722e-02,1.325164567129814147e-02,-7.740822826140762725e-02
4.248080942285275552e-01,-4.270791634739178055e-02,-1.459382175341208954e-01,-2.010313181697143681e-01,-1.335692713555842737e-01,-1.198403222625235576e-01,-2.264892335774134624e-01,-1.040670827767807283e-01,-8.167458314362862617e-04,-7.705386529467084245e-02
