-8.270683322395668349e-03,-6.361349838955349112e-02,-6.546153033688499601e-02,2.395750675639874150e-01,5.658125078068126923e-02,-1.042531135410208198e-01,-1.298891687068981504e-01,-5.785543026286201762e-01,-1.228272086533185592e-01,-1.014875158904608859e-01
-7.164119245075546705e-02,-4.830417013198979870e-01,-2.940859908913004417e-01,1.140171290024298151e-01,-2.427873078729552575e-02,-2.923985624366710612e-01,1.503050025443819215e-01,-1.076701866714068895e-01,-1.383475998401659801e-01,1.131183568673650719e-01
-1.154973871049333189e-01,-4.271723550528274127e-01,1.038062129170308073e-01,-3.022682437404399305e-02,9.202190145539435040e-02,1.934105195018867573e-01,-2.314626730191290116e-01,-6.452104755696004557e-02,-3.987331831635077678e-02,1.429107361571870828e-02
-3.413269646125788315e-01,-4.374723078468416571e-01,6.171581167083021319e-02,2.030103343755153000e-01,-2.011943710027360721e-01,-3.140572141320658872e-01,-1.145426576927653928e-01,7.937448062980989594e-02,8.423973761798880799e-02,-1.059278638867629102e-01
4.737623291668057735e-01,-1.900687094638615349e-01,6.040354378729229090e-02,1.807366957504816241e-02,7.721406773153297043e-02,-1.241345936528148175e-01,-1.642139430983969584e-01,3.147543315069778469e-01,5.481099849441586902e-02,2.024297189950036158e-01
-1.056886687710939243e-01,4.363253867871029756e-01,-2.799065336419653827e-01,-3.415019442079393341e-01,-3.251323756850153512e-01,7.531963507247499412e-02,4.220693187605121404e-04,-4.429661276544350629e-02,-1.334119197781367082e-02,-2.045371261867372226e-02
-2.450275070975850289e-01,3.734406317709607626e-01,-5.771068152288356679e-01,-8.382980951560177474e-02,-3.129075650165920042e-01,3.652356187489973482e-01,-4.583464689748445453e-01,6.524701586144057153e-01,-1.976573667188423755e-01,1.504438602627038712e-01
7.016388163639530884e-01,1.310798536483319572e-02,4.430941573618084328e-02,7.860595860197459872e-02,-1.737549272538878656e-02,2.207447255987433354e-01,3.732136521756234671e-01,2.534418262973278102e-01,3.864084731240254034e-02,4.964141084674791177e-02
-1.137050406476306508e-01,-6.105764771419223136e-01,-5.982655028607274800e-02,7.649228631246934862e-02,-1.979216625758634385e-01,-4.296463699729931029e-01,8.502591233493622669e-02,3.922756942787140599e-01,6.677760981621376490e-02,3.938835963942849405e-01
3.974572831000092177e-01,-2.764875931286281396e-01,8.908016422404374524e-02,5.725725309577555516e-02,8.744767264110993310e-02,-1.540781972559846502e-01,-1.955814753018818297e-01,3.442291383876486810e-01,4.171074294576610636e-02,3.035291559918343873e-01
1.602194036272645492e-02,-4.395669597215729474e-01,-1.439938061392300184e-01,-4.398887218410461181e-02,-8.787270013190839890e-02,-2.786761986002384561e-01,1.317409240029882578e-01,1.500855665335503464e-01,-1.926427686818872054e-01,-1.091883510584890776e-01
2.187077094314835574e-02,-2.318357390557223285e-01,-1.082121332459716062e-01,-6.549879370557429303e-02,-4.479059489953164663e-02,-6.271436513620626957e-03,-4.121112643123268637e-01,1.221506139307351330e-01,1.217401968417882868e-01,-1.842641026038110696e-01
-3.816371516176966794e-01,1.713259742346776027e-01,3.452724046642770550e-01,-6.694474629686995859e-02,5.542987200222514003e-03,1.039398929718320513e-01,-3.220553373533471264e-01,2.102647640422061759e-01,-1.416431316126971415e-02,-1.699153837198226213e-01
-2.713217325363566079e-01,-2.251782238213504150e-01,1.336503207938006046e-02,-2.849874855170863031e-01,1.760813208284743234e-02,6.131979053058472795e-01,-2.345144317840641979e-01,-3.053858583814679784e-01,4.236626632840521239e-02,2.334923848022176229e-01
-2.639455224212019502e-01,5.329773284883267959e-01,-8.340805687810924907e-01,1.001613458953079933e-01,-4.531603092449299486e-01,4.154427041120059561e-01,-1.752249322627541794e-01,1.958943163352956651e-01,-2.092870174468893785e-01,6.974973448212157257e-01
-3.800798858601260322e-01,6.260780508443023473e-01,2.795736391140329347e-01,1.285518203000098614e-01,-1.332343643055168003e-01,-1.177099021007374791e-01,-2.292976103242909958e-01,6.436098732680005652e-01,-1.930934769016776631e-01,-4.539657024676620467e-01
-4.441027620160288292e-01,8.767516516291015694e-02,7.306378328714134840e-01,-5.897880182877427574e-02,-2.514382079211821552e-01,-2.278047265185484394e-02,-1.059982085537137519e-01,5.344184579989950112e-01,2.275605524192181595e-01,-3.393120472167467372e-01
-2.664728015085037760e-01,-1.910070979779527950e-03,1.513093982922085121e-02,-5.185387692550030847e-02,9.705972797257811369e-02,-1.711131960140566399e-01,-2.962142117339671699e-01,-1.808353419018507990e-01,-6.497185682333662948e-02,-4.882651628739273324e-03
5.949529170946905171e-02,9.095915747567020482e-01,-1.570508022424326189e-01,1.741264673294599385e-01,-1.972253898658688498e-01,-2.736263446132990440e-01,1.000000000000000000e+00,-4.694522732161729439e-01,1.000000000000000000e+00,5.893001863502541626e-01
-1.009712823446106550e-01,6.408020862080913149e-01,-2.491580820898442183e-01,-2.463806168753440440e-01,-3.660205661296804247e-01,-3.485187830923447416e-01,2.768647376602163535e-01,4.130822065619207950e-01,1.178286118166698981e-01,-5.326116167437217053e-01
-4.997181707064770051e-01,2.349578379438081455e-01,5.750882783220542249e-01,2.552855932455783683e-01,-3.063176860857574901e-02,3.934972276812062630e-01,1.428165766827113325e-01,6.778467864233223006e-01,1.519437428204125371e-03,-2.909262443986722069e-01
-3.810020948226919835e-01,-1.712593859838547061e-01,3.099682762932324809e-01,-1.466296924868832618e-01,-1.254233193999674534e-01,1.537803332535293485e-02,-1.160199272601801501e-01,6.698224888444140324e-02,-6.818045056634414181e-01,5.062232248602237528e-01
-2.065521261804495745e-01,3.471870370413160933e-01,3.422445179421056971e-01,-3.698504436466920064e-01,7.687400867645551028e-02,-3.716585697288555395e-02,1.751691419569307850e-01,-3.139331051051854060e-01,-5.343537612701285827e-02,2.352578055576420302e-01
-3.124488956538294393e-01,4.612972588964796561e-01,-8.431061478232225459e-02,-3.039439250950518590e-01,4.895162681575806335e-02,-4.085509220310777345e-01,4.523857494362329423e-01,1.408089982967476450e-01,3.831053923108863890e-02,1.549829138774428960e-01
-2.722873839635508442e-01,6.169127529418332034e-02,4.289560178550363423e-01,3.621552377218122121e-02,-6.263897891836008296e-04,-2.180017493776257309e-01,-7.980137838701460706e-02,-3.483197351674781617e-01,-7.054911011581503633e-02,-1.977476155378950495e-01
-6.024422422367071706e-01,-7.905576265214562248e-01,-6.567367503827135078e-01,1.348621617643285808e-01,1.081731828325870892e-01,1.327430133019656122e-01,4.385584738891813439e-01,1.569870975050937367e-01,1.646571757850931808e-02,-2.233675439616111535e-01
-4.140356643225130973e-01,5.129093860523619569e-02,8.863044592201043681e-01,3.099589850512808002e-03,-1.167634242597029998e-01,1.338630458408126417e-02,1.290921219650771612e-01,-1.519638267267380272e-01,4.444298392345366611e-01,-6.129583442285412298e-01
-3.164491225967422383e-01,1.229732419882369754e-01,4.150839001482166113e-01,5.113902250724316340e-02,1.462819639999062005e-01,2.017575534452184516e-01,-1.178363137095471413e-02,-3.472537943470493937e-01,-3.360266841423487638e-01,2.580742545728200721e-01
-3.596105141347932244e-01,-3.319222902171731215e-01,-3.647357316618606016e-02,-2.020725033369035750e-01,1.360279602978814728e-01,5.031126282948366057e-01,-1.771752603375567059e-01,-2.368076652387474668e-01,4.903739139908505074e-01,-7.821585931406729864e-02
-3.963092400108300106e-01,-5.587701667306530385e-04,8.844987992971374557e-02,3.592171165181941572e-01,2.180784121341960424e-01,-3.599181541067124068e-01,-2.268191112628505784e-02,-1.436627867347566867e-01,-1.146449045026503577e-01,-3.315804338699245846e-01
-4.406643444386613706e-01,-1.672028849323708433e-01,7.748848656225792997e-01,1.399610227638328208e-01,-1.111729556731372720e-01,5.066321451630908385e-02,4.775771474744373163e-02,-1.516131910650376502e-01,1.238880359370447687e-01,-4.222459023298638092e-01
-2.650559438697769887e-01,6.662776007558399716e-01,-8.943656924946516984e-01,1.544564081037721193e-01,-4.843322243001425553e-01,6.559684203387238233e-01,-2.390273884504014734e-01,3.925886695116243552e-01,-1.618103691269240085e-01,7.292715192607113206e-01
2.152739617889241064e-01,-3.633056299592053451e-01,9.053877531473566997e-02,6.099924925363294642e-02,-1.747985660809800168e-01,-3.964583151813896311e-01,-2.408652702249547417e-01,3.454428846255948038e-01,2.709071486284567176e-01,8.650666449540380665e-01
2.647292382238598529e-01,-1.440461378586806451e-01,6.840413240286347119e-02,2.019556329627709423e-01,1.213469210824595634e-01,1.526765118791957240e-02,-2.351096550243831906e-01,-8.386116040232048652e-02,-2.274888420294939040e-02,-7.659437024804628680e-02
5.886279646823398826e-02,4.223665856457501366e-01,-2.651574394756995301e-01,4.531526198160330532e-01,1.986921467368232275e-01,7.609461232906844508e-02,-2.136876473182618696e-01,-6.322582120604455236e-01,-3.657786746162536989e-02,-5.944278595753098998e-02
-2.073850441831687763e-01,8.549851243855268734e-01,-2.201930800101016272e-01,1.000000000000000000e+00,2.415083639140280444e-02,4.881857146632694322e-01,-8.628462561743303894e-02,-2.631508970388577451e-01,-2.930745279888888680e-02,-1.587055379710434477e-01
5.648790734016349846e-02,-8.694971365091135052e-02,-3.457475433205953741e-01,-6.666259508963094660e-02,-1.468953630418052270e-01,-2.576980786183802885e-01,-1.898390263253407761e-01,3.433446289404973317e-01,5.290486662960332265e-02,-2.971822837792955641e-01
7.179614955493143214e-01,-1.327018342779723581e-01,5.391229751784373109e-02,1.504600741907470285e-01,3.861084172112892732e-02,9.059791565483550635e-02,3.963047188165041979e-02,5.739455987106457657e-01,2.556798926909096270e-01,1.962342076286495707e-01
-2.092796678185914749e-01,-4.328253972692935880e-01,-9.028993124795367531e-02,2.296621559362824749e-01,-1.764574600689023942e-01,-3.739226755934946245e-01,-1.690056816633073999e-01,-3.256949002832729839e-02,1.828626520553501555e-01,-1.542766822488430001e-01
7.451734462698596240e-02,3.218698804372895905e-01,-1.500691323851036374e-01,3.074472137077390865e-01,1.668894636971433865e-01,-3.293430865357033221e-02,-1.847078679430741721e-01,-6.801209522949950292e-01,-1.573645544027453269e-01,-3.161130517752882424e-02
-3.429714038344564564e-01,5.889809585258135582e-01,-5.735430458356376437e-01,1.941534009440228081e-01,-1.320567034241224569e-01,7.073101331749762632e-01,-4.919426487224531908e-01,5.218713407770074753e-01,-2.450502837145484836e-01,5.245148893867932482e-01
-1.314316596055252473e-01,9.681768589577949280e-01,-8.164814012460301917e-01,4.217608138473745716e-01,-6.662750376909786221e-01,9.953917491862375455e-02,5.696827321282573742e-01,-2.583247659984508893e-01,1.048379426042321261e-01,1.000000000000000000e+00
-1.695058601972899981e-01,9.022518414164538703e-01,-7.863877049614352854e-01,3.381433115867351624e-01,-6.466691110999372993e-01,4.192802867198447414e-02,5.295457764839504033e-01,-2.921105560952980129e-01,9.116751313576808291e-02,9.858959881980118301e-01
-2.423578205958225040e-01,-1.825520295550467076e-01,-7.212390130674488364e-02,2.513672032400008916e-01,-2.687749321579614992e-01,2.104310590663214242e-01,-1.228211944182112658e-01,-1.884951322639598636e-01,1.916565565719566544e-01,-1.636857789852807499e-01
-2.183671912975986840e-01,-3.379962162830531525e-01,1.000000000000000000e+00,2.664700796839483132e-01,-2.477825163504802364e-01,4.831821497713996716e-01,4.486104803693846121e-01,2.383958525701450337e-01,3.930462999138698565e-01,1.460271459160067675e-01
-1.949116680053415984e-01,-4.133752515154791585e-01,7.813224828499667485e-01,1.239485031780297591e-01,-1.047991990035080090e-01,3.271780474397165683e-01,3.350404907954348532e-01,1.760405710739773033e-01,6.701255639198799852e-02,3.233954427330700265e-01
-2.036484980587734972e-01,-3.368994106992506676e-01,-1.139239507102278587e-01,-8.131067104126014911e-02,-6.336939739405900163e-02,9.990469641615097596e-02,-2.712739707282749713e-01,-1.939352674169260438e-01,-1.839126220519702593e-01,-6.530934009879518776e-02
-4.207540494737028736e-01,5.454881393506013643e-01,-1.573080702007819409e-01,1.072431218630250233e-01,-3.885059165298692437e-03,3.270668464370110606e-01,-3.267000979015199369e-01,5.516321662626528788e-01,-2.932812180858953011e-01,2.696627506005582764e-01
-2.767161658976604044e-01,-2.786314785094966551e-01,-5.332977848110965757e-01,-2.712059828548392046e-02,-1.106392629910726427e-01,2.994277300484536886e-01,-3.391994548719172164e-01,1.832941605814779329e-01,-2.875359295321897393e-02,-5.117196313509791289e-02
6.537234977020726923e-02,-3.124330086383863003e-01,5.061956199636650222e-01,1.022566898771336552e-01,-8.366401078324949003e-02,-1.548164685690646136e-01,7.436819888340580331e-02,4.057511933819150235e-03,8.476517088117432874e-02,8.412233943765098365e-01
-1.459654401495653064e-01,-3.137639091907211131e-01,9.394393429493944625e-01,2.180103904145767879e-01,-2.466214387818123910e-01,2.719348106372962981e-01,3.768311212028822577e-01,2.488647403267617575e-01,4.342601278359000672e-01,3.054969883038674561e-01
-3.214950835697761855e-01,1.569193198203331502e-02,-4.681312532318732123e-01,-1.377310211901514210e-02,-2.024280749334016749e-01,4.205327562430341559e-01,-3.483755469646288572e-01,2.190198252566622206e-01,-2.071409223257874854e-01,2.452979641629658147e-01
-4.053870062048922640e-01,4.818563841879962562e-01,6.567034475913741121e-02,8.041899482304025459e-02,-4.009162158613459037e-01,-3.911217313992871314e-01,-9.167379601983342841e-02,6.541428245471919700e-01,-1.920489818784223701e-01,-3.480689818748645137e-01
-4.421789115018167626e-01,-5.130924814618310625e-01,-5.245469823700600331e-01,1.035885001914676334e-01,1.361921916128685725e-02,1.434610494767008526e-01,2.130092661779215135e-01,-2.628607146010132345e-01,-2.825007434543447271e-02,-4.908285930056988794e-02
-4.546691950852839170e-01,-6.208450203153238478e-01,-6.842051937347032320e-01,-4.259237630393949980e-02,1.206225653534309800e-01,3.887343102190374960e-02,4.666148316253310169e-01,5.380739862811630136e-02,-9.331856993905292275e-02,7.680160966501857478e-02
7.445537776677864372e-02,-2.679614524222083682e-01,6.115044601528139001e-01,3.607400752278269035e-02,-1.060837488269772283e-01,-3.156272782164685348e-02,1.103946481402366675e-01,-3.914614631569050818e-02,9.528480701960040378e-02,8.132522669264997672e-01
-1.201918310097565279e-01,6.942530565733254777e-01,-6.350956796036421048e-01,-2.980782448356699907e-02,-2.014262880940794198e-01,2.176866143955406563e-01,-3.168515161187879792e-01,-6.738978981701382320e-02,1.922720792217457175e-01,3.462424193066978018e-01
-3.209428865986836410e-01,-1.443245205722219482e-01,3.212988276065946724e-01,-1.787439904443614558e-01,-1.925549489968445271e-01,-3.143252416338977451e-01,-5.813779201986640777e-02,1.539217472485040483e-01,-1.471409602675843864e-01,-1.320866146148815257e-01
-4.351077786183521479e-01,-4.481849564803457864e-01,-4.380670178758551692e-01,-2.203966513424011342e-01,-9.501175891514757055e-02,1.324281709797891227e-01,3.403137409498447341e-01,-1.050068577303134160e-01,-7.797557540848755464e-02,-9.920240520319614091e-03
-4.036615279346611462e-02,6.168951274774638893e-01,-1.612241568672566350e-01,5.261554809346054018e-01,1.176298063719230930e-01,1.126280014383506944e-01,-8.126127672365227039e-02,-6.313242364266193896e-01,-1.242495407357959436e-01,-1.001412428829476751e-02
-3.397565921214767276e-02,-3.014157470166867192e-01,5.818807346358743082e-01,9.191923880219363130e-02,-6.992709760484476511e-02,-2.614112701669641867e-02,1.651207251522469610e-01,-9.124550970982829579e-02,7.560642600625772092e-02,6.334742134089866861e-01
2.839796116488732536e-01,-1.017194014477973939e-02,6.441287535874199582e-03,-1.452550495757673754e-01,-2.588516713185851775e-02,-2.258059231803817291e-01,7.929431312427033529e-02,-4.188644672424614024e-01,-1.842782719805949598e-01,1.063449536304984511e-01
-2.610107563938089958e-01,2.518327038135086404e-01,4.663002197378216529e-01,-1.781125526208598153e-01,6.114079429847996128e-02,-3.141094140903128995e-01,-6.233714431133073261e-03,-1.791581797123896480e-01,-1.132396493153381423e-01,6.732576134175334570e-02
-3.792788920047640011e-01,-4.697580440616611064e-01,7.235820073811287390e-02,-4.294307941629351560e-02,1.303634426245308398e-01,3.909239565356830703e-01,-1.737888143294741006e-01,-1.701574251618657996e-01,4.238704298675823740e-02,-1.381378760380359561e-01
-4.415423773734854507e-01,-4.844643618216078473e-01,-5.024306657641629537e-01,2.120793711089641043e-01,-3.242553198250843621e-02,8.434650645537199176e-02,1.202004952706795249e-01,-3.435846146228403453e-01,4.400928642596244056e-02,-1.971035678264855817e-01
-1.226788682825897953e-01,-3.686110473786001207e-01,-1.991801643073012190e-02,1.808048640378986105e-01,-1.456984915949066650e-01,-3.790189173130333322e-01,-2.419390320982710008e-01,-3.260383779354147915e-02,2.085205894552455697e-01,-6.242744629802201434e-02
-2.180778792125898924e-01,2.503262513438541115e-01,-2.684410524171717549e-01,-1.392845437127875619e-01,3.659856874309406205e-01,4.618193363610501728e-02,1.928722301110381843e-02,4.861698005645029852e-01,-4.334972111424607866e-02,-1.643012188442812549e-01
5.202527889200531802e-02,-3.402216473228527605e-01,6.483855115383524437e-01,1.270446739987131091e-01,-1.264544390265184559e-01,1.199999719480977431e-02,2.082881969828975777e-01,5.061890402941041783e-02,1.285838981910262524e-01,8.011088977411654488e-01
-2.983574315844775282e-01,-1.365992480402048251e-02,7.523023103583416082e-01,-7.825695628538124893e-02,-2.436451738723440508e-01,1.168330948985873453e-02,9.520142613283692767e-02,9.803361376061389687e-02,2.584201249859977567e-01,-2.193648484374976781e-01
-2.759224636862143143e-01,-2.369016361829712480e-01,6.380639059038810679e-01,-8.060685905153498754e-02,-1.661263994876165384e-01,9.419539569870553908e-02,-6.241103018203212477e-02,-3.481337980532993315e-02,-2.072599868266223611e-01,2.436641448853407443e-01
-1.755916189946016281e-01,1.766249546097490852e-01,5.770510893314445555e-01,7.864244362800901778e-01,-2.986998441775901569e-01,4.597973172638558093e-01,2.082746622475261378e-01,-1.285919474267677443e-01,-1.549849556626156644e-01,1.407712077268069017e-01
-3.847751747571211967e-01,3.726812358581038098e-01,4.585699333156423307e-01,1.303934902541354635e-01,-1.395584814627326420e-01,-1.452313953028215865e-01,-7.119539863184574935e-02,2.417403082932677028e-01,3.741243627311180431e-02,-3.544535593220555225e-01
-3.108149534762391641e-01,-3.162975640369857788e-01,3.915917781786520391e-01,-7.030388333231239739e-02,-6.973281567372278944e-02,-1.635055794718457967e-01,3.993212553692829792e-01,-2.236229549146932227e-01,-1.506251363495771933e-01,-4.440610563384304876e-02
-3.364018628808906342e-01,-1.487352502263412923e-01,1.535110182306237761e-02,1.811239746341888196e-02,-5.070508485421738182e-02,2.309444427985729298e-01,-4.209501164958101005e-01,1.078306464575356644e-01,-1.459958655306116959e-01,-2.143884881314583046e-01
3.104343230406754472e-02,8.760125151248623343e-01,-1.558629331473522783e-01,1.503738963540641738e-01,-2.162669345212385741e-01,-2.748295009826111635e-01,9.328425483918180161e-01,-5.471034998511152825e-01,9.328611681792852162e-01,5.249670712555952745e-01
2.643714881492485458e-01,2.170804456421246142e-01,2.101587172687973681e-01,-1.832938044052755122e-01,5.278482764798310412e-02,-1.281015674838064354e-02,2.637633805970298062e-01,-3.421728829146570283e-01,-6.063545267719296777e-02,-3.026548341359371896e-01
-2.759490082240072528e-01,-3.134034259395273025e-01,6.389135879879036528e-01,-2.119261525534893095e-02,-1.929120762400868827e-01,-1.294930285185100505e-01,2.922711736515853920e-02,5.051017302529941383e-02,-3.439646278446355510e-01,1.666202059446154626e-01
-2.124756450580292388e-01,-4.805677284974660401e-01,6.017331199596389624e-01,8.293852476287030817e-02,-1.526332338183526427e-01,-4.627845452792212627e-02,1.366301939137319621e-01,1.051864344622567005e-01,-1.241036232560948221e-01,2.088533268997420922e-01
-3.013860771955803597e-01,-2.373068392932772275e-01,-2.058707361681044734e-01,-4.576841046781240374e-01,2.004721446157260657e-04,5.219014648911873833e-01,1.399190707616861096e-01,-2.393076617180100452e-01,3.129349451728274389e-01,-5.823284114156711960e-02
-2.282716581461136651e-01,3.105860644664613091e-01,3.585348094952927611e-01,-3.570019061689783668e-01,1.769375857483255488e-01,1.355955113486819741e-01,2.171278395156883353e-02,-2.930306451890445363e-01,1.803342178620625791e-01,3.884709570501345549e-02
-3.224690987707919398e-01,2.647877637049284721e-03,3.996706476952592846e-01,1.131269786722177428e-01,6.603775205034098650e-02,1.528640257988246598e-01,-1.313178627383406599e-02,-3.848794879884850917e-01,-2.502479040246086139e-01,9.455967337478861368e-02
-7.906985614622247249e-02,-3.664428228966172263e-01,-3.724204479938337253e-01,8.742602992031492382e-02,2.610297395942975940e-01,-1.350977394864595615e-01,-1.941814029853960177e-01,8.367320520623301727e-02,-2.833186382812002274e-02,9.751121486101888003e-02
-4.384248628002994641e-01,-5.783599878204283007e-01,-3.964357944414251267e-01,-1.717102167272834684e-02,5.604441230288211701e-02,1.903257293541746886e-01,3.368139843193700411e-01,-1.870330597812854267e-01,-3.153259582124386291e-03,-4.886666695730233073e-02
-5.045029239224271267e-01,-4.581314152576279608e-01,3.132413254145139381e-01,1.515560114154822224e-01,1.248368297055056919e-01,4.123613610393147000e-01,-1.007800309314138137e-01,2.000318266674598611e-01,8.010155992736112118e-02,-3.511688955884272878e-01
-2.140023491427363034e-01,-1.385845561834884998e-01,4.443557104966343041e-01,8.595480118355118548e-02,1.284064552279816362e-01,-7.482023983346292040e-02,1.325066920591580211e-01,-1.327335557679023559e-01,-5.001789673620368193e-01,1.586685186513357160e-01
-4.462829906389860213e-01,-5.717958842663429797e-01,-7.902624672077951037e-03,8.507686151471204050e-02,1.540295800230208900e-01,4.369131253402084858e-01,-2.087362522759055317e-01,4.127483955928537562e-02,8.759252105056675175e-02,-2.268568749945826801e-01
-4.015677781390841750e-01,3.301350280049347163e-01,4.684908237734184966e-01,1.201367020214358233e-01,-5.435450795329328962e-03,-9.874389752434238610e-02,-2.796856267107277749e-01,1.705669217792666614e-01,1.475709429069874956e-01,-5.100678507469027512e-01
-4.448253622635319759e-01,-1.975392173723928002e-01,8.329289269053794520e-01,1.710754451855390768e-01,-1.904592151914711040e-01,6.042171844558708038e-02,-3.201689700554056356e-02,9.778784300847978561e-02,4.682097764853470484e-02,-3.672611111038537324e-01
-4.344315884930489147e-01,-4.413892335870091554e-01,5.442287258440468151e-02,2.164232175481196202e-02,1.421055916480682413e-01,5.621797292513158739e-01,-1.894135054167232490e-01,1.206000693293163284e-01,1.326926453669616535e-01,-1.403464402154437629e-01
-2.760306958442972913e-01,1.909548564496789669e-01,1.008748532232072864e-01,-4.599137387198481419e-01,-1.335192334031161908e-02,2.150497327403132555e-02,4.025706653940726021e-01,-2.194648399198935451e-01,1.909963549694324303e-01,-2.989901174784747456e-02
-3.913777234457856413e-01,-1.011917343143591413e-01,9.229961904191256172e-01,2.804260175680949735e-02,-1.336093460042784564e-01,1.002597136592566079e-01,1.085796291587576984e-01,-1.217697074666454493e-01,2.254812526232575498e-01,-3.757789981165464699e-01
3.728530558665884009e-01,-3.586639087921494190e-02,7.981946587289014128e-02,1.218568821199059876e-02,4.605024815431931623e-02,2.657450070166597622e-02,1.363320449943334622e-01,-3.230904301836664549e-01,-2.301364460467344997e-01,1.957217702326794970e-02
2.385154235131680123e-01,-7.625229356854476559e-02,1.479209244805285706e-01,2.419625598753797902e-01,9.788195589906205363e-02,-1.020896848016374266e-02,-1.279470604386827026e-01,-2.449283697559270223e-01,-9.320599374524661529e-02,3.180944664027214510e-03
6.423830858025243451e-01,6.033920792155043206e-02,1.377315698565041713e-01,1.215052418490175506e-01,1.808935289601593804e-02,3.082030810627307549e-01,6.561362423535855859e-01,-8.337700763636176834e-03,-1.711497295266856677e-01,-1.443386368819885579e-01
6.464656245380426824e-01,-9.056554836736305236e-02,7.957365204603905617e-02,1.407972022625611219e-01,9.600722525735223833e-02,1.375854976721115341e-01,5.712192869361722158e-02,3.363758140881498715e-01,3.782583727972058801e-02,6.441723885582993636e-02
5.385701985119963897e-01,-1.568956665776562731e-01,2.550189954492681349e-02,9.765647723570150540e-02,1.415641392033304691e-01,6.338978616644978803e-02,-1.258432053368402637e-01,2.868749456617008531e-01,6.176453654499335089e-02,8.400918241458441016e-02
1.262492874705113954e-01,-2.834703728066472750e-01,8.060963468259615960e-02,1.972911866756136001e-01,6.802517121596829419e-02,-1.594467714124296331e-01,5.966946139467124016e-02,-2.765476732403813198e-01,-1.435166428839975139e-01,5.731558467457135153e-01
5.294997097414712028e-01,-4.224593965795495759e-02,1.641733170135309394e-01,2.155953143477243872e-01,9.131021031479229222e-02,1.930414407001878330e-01,2.761584467991903824e-02,1.081364589078823435e-01,-1.246660803389067727e-02,-1.072999777408645272e-02
-1.325595556076309411e-01,-4.478669000200033445e-01,1.940659875375299603e-01,1.943346614072103407e-01,-2.655696937409309788e-01,-3.540261332689175200e-01,-1.441944826805297841e-01,2.456911123601494829e-01,1.248004801311977802e-01,2.656888589020395264e-01
3.064403713986330047e-01,-3.597641129753963996e-01,1.969359603306225504e-01,1.504591896472396995e-01,6.794238530904281315e-02,-4.605700553555244769e-02,-1.514327444499136976e-01,2.161763006303814016e-01,5.468185539068601969e-02,3.500501097920377114e-01
-4.579440196420525577e-02,8.764303474841639296e-02,-2.685383810782297070e-02,1.981822552734424925e-01,9.258612224894051390e-02,7.897798035918762727e-02,-3.906440958488890947e-01,-5.323317961495103168e-01,-1.082049700308713308e-01,-7.005865634634031100e-03
7.911823403885630546e-01,6.224619829379909181e-02,1.038374142343606032e-01,2.632435095747874265e-01,4.030131498205592744e-02,3.860401872461045047e-01,6.684646277329435726e-01,2.785587527209439362e-01,-9.845864215302660427e-02,-4.697524070666194568e-02
-2.879024907654254006e-01,-2.039369076027986449e-01,-1.733327873786457696e-01,-1.426290335118658714e-01,-1.159731767057790575e-01,1.120020817771016225e-01,-3.109801486334827225e-01,5.899941711876097866e-02,-3.843501141522578934e-01,1.325877244129996801e-01
-1.437622196816382147e-01,4.233951340686986642e-01,-1.641090747975296471e-01,-4.061812566909556166e-01,-2.688340163181903164e-01,-4.044126426273047387e-02,1.064657716416759631e-01,1.269369371651655753e-01,1.309442885564072179e-01,-2.147494240718278991e-01
-3.094692265109147966e-01,5.069142758437675811e-01,-2.741367129615142617e-01,1.288945702383391123e-01,-3.042656122479805436e-01,3.371024920467313724e-01,-4.990654777549836107e-01,9.301084903023124628e-01,-3.670121917823216950e-01,3.426733199272839064e-02
-1.291819244017130552e-01,-9.413047789924065822e-02,-1.633277521639912300e-01,-1.325668056009070561e-01,-1.404934436198091163e-01,1.184854576321716230e-01,-3.644292354291281399e-01,-2.259384998100953112e-01,-1.515438880396741961e-01,-7.769527172473976451e-02
-1.849286082147829913e-01,-2.958009509093690870e-01,1.173564511557379994e-02,-9.097595911675350477e-02,3.047121931624283131e-02,2.240153724833396920e-01,-3.562898870051790512e-01,-1.926129036042852904e-01,-1.015067980354107807e-01,-1.568815550615573415e-02
5.392076786651182063e-01,5.606223493453535434e-03,4.620451211073561826e-02,-1.754481483854436561e-03,2.602682136645888614e-02,1.281238507145401329e-01,2.358561065264193693e-02,-1.745692179628850760e-02,-5.772789084165814294e-02,-1.096147405144308890e-01
-1.322088816934317013e-01,3.773224267720552971e-01,-8.559861682689674789e-02,2.338291247312880849e-01,-2.130029326013785362e-01,-9.793107268681866540e-02,2.373189140754920767e-01,-5.974300514124288863e-01,-4.604682085201300401e-01,4.006642482469464084e-01
4.794091452093268146e-01,6.301080073180979901e-02,-9.216333450987230363e-03,-9.601617746751625604e-02,-5.542319859138064922e-03,3.647723619132225981e-02,1.453179205211397283e-02,-1.629237008879005355e-01,-9.465040025248921962e-02,-1.678248534496309397e-01
6.294615100394566065e-01,-5.837549316732770777e-02,1.515093258756490535e-01,1.661311454449701519e-01,6.486312289725756908e-02,1.932571588329963508e-01,1.382099987081532866e-01,2.394917463676565494e-01,-2.258729009062443796e-02,2.148537386871165675e-02
3.666541457854480268e-01,-2.655201968637684318e-01,7.753992332213764660e-02,3.065072614550452129e-02,4.882033057508585600e-02,6.692252076219146195e-02,-1.223769293806836606e-01,1.722106201455260999e-01,5.517942937067948049e-03,9.355468145446339812e-02
9.526393997860101159e-03,-6.161162706871716604e-02,-1.988832646492646461e-01,-5.763670534339609963e-02,6.066065703472613840e-02,-2.929904811625932970e-01,5.172190365756862418e-02,-6.071622781506621491e-01,-1.740591940233792156e-01,2.397811494499884621e-01
-2.156974811906559875e-01,4.280324000899876635e-01,-4.252006403045046623e-01,2.090109221367739481e-02,-3.125733247778863522e-01,5.450995425864374466e-01,-4.254330102731452290e-01,7.538453835007911108e-01,-2.943342863177363378e-01,1.571816288516266202e-01
-4.957782111274500747e-01,-6.678543305906076144e-01,-6.685128792054351177e-01,1.147768772689434225e-01,1.213336421625645957e-02,1.484887223859526206e-01,4.297038805900124658e-01,-1.104564395635675295e-01,1.286020172365834845e-02,-1.019118263854940365e-01
-5.604424936940203411e-02,-1.390637017113266483e-01,-8.434731807939215009e-02,-8.810646530544298527e-02,3.944254718659690601e-02,-5.869875992488136039e-03,-2.529619304370063770e-01,-5.295488275958210034e-01,-1.458176839248517820e-01,7.997284030093451679e-02
5.009382118812161222e-01,-8.704718827998297881e-02,-7.957049937444904408e-02,2.884908875347884025e-02,2.793392641751439587e-02,-1.670110089685248878e-01,-2.403872346285775008e-01,4.608316021716252209e-01,1.461162202603936699e-01,1.000344919995438953e-01
-5.338543770754079071e-02,-9.482526370047489328e-02,3.526388349110913811e-01,-9.593985995249675047e-02,6.304820159178060879e-02,-1.084876455090961478e-01,-1.364471467558101836e-01,-2.654889305567327829e-01,-5.079859371918336863e-02,1.114746694042334230e-01
1.924228894097521070e-01,-3.822168756422307245e-01,1.141816914758122942e-01,8.553727886227069366e-02,-1.869384328406634432e-01,-4.108237574366507827e-01,-2.058263162241260047e-01,3.491361391365488398e-01,2.464114491968407150e-01,8.730756758159996522e-01
1.279103494296274512e-01,-3.789114580194814508e-01,-2.910820486038858679e-01,1.110309084277069092e-01,-4.608587688965196105e-02,-1.783606053529220303e-01,-2.601857325075979666e-01,1.452525941637086426e-01,1.617274377898254012e-01,1.937472012534937130e-02
-4.448004043535230823e-01,2.245729366827156903e-01,4.054991037604653292e-01,-1.395154446278054627e-01,5.290010150887110990e-02,3.009794977727642262e-01,-1.090574843009416706e-01,2.914550909987846383e-01,8.097581385276535204e-02,-2.511899588343945999e-01
1.065907015969379430e-02,-2.269575527906247392e-01,4.702417085668464947e-01,-1.426930691714089518e-02,-2.133908039628029385e-01,-3.351650461192622887e-01,-2.680453351105963611e-01,5.114946023326191749e-02,2.778434703540447193e-02,5.386413565536667392e-01
-1.855597870640009195e-01,7.336201676051820053e-01,-5.127796305417472444e-01,1.291597074095672260e-01,-3.735173153717095129e-01,2.351149981329232475e-01,-3.349444677961412320e-01,1.000000000000000000e+00,-3.722687803143317486e-01,-7.006990050291339589e-02
1.235117871711061827e-01,-1.348371328323591245e-01,-1.595767314205064902e-01,-2.177600145309898372e-01,-8.059575775747193638e-02,6.925191125632830513e-02,-2.724557696942891960e-01,-2.266505748549563493e-01,-5.940014083345448407e-05,3.901953180765947715e-02
1.784864822889202229e-01,4.169259849857479688e-02,1.544606499032325775e-01,-7.472722831923450659e-02,-7.933439193894031849e-02,-2.050263622045771505e-01,-2.697902138337555655e-01,-2.851086315654179082e-02,2.451078837929994425e-01,-8.146316472338167858e-02
-1.019150163191603377e-02,1.422941677673260075e-01,1.343770822139238319e-01,1.680072359840247345e-02,-1.471621104305466943e-01,-1.683653436717227891e-01,-5.039789279860809046e-01,-1.216432373341935630e-01,-6.966794259640904374e-02,3.535882909451105172e-01
-2.823047294904125135e-02,-2.713136271443821190e-01,1.786854611008581173e-01,-1.401809672670758893e-02,-1.127540281508254971e-01,-3.152419897650529101e-01,-3.477570810856909223e-01,-4.096735272307005377e-02,9.912454111838731041e-02,4.105538215743610442e-01
-1.786410119452828960e-01,1.893819860576626546e-01,-3.431261880910507212e-01,-9.133028939493270659e-02,3.168129548491160907e-01,4.042958119094446079e-02,-3.682896151109467109e-01,-3.220071775516033519e-01,1.484872016398275651e-01,5.089286025529181634e-01
-3.390846045778778128e-01,-2.535791323813749720e-01,2.608117562425080194e-01,1.896980374909632561e-01,-1.595465520810224191e-01,-2.389167589022636318e-01,-2.144601939824300474e-01,-6.080480646965319425e-02,7.736908740818337904e-02,-9.641352444682141365e-02
-4.214964359318439935e-01,-2.156057939422734160e-01,-3.345870473849710952e-02,4.843752519534940126e-01,-5.137659906794535269e-02,4.084032518789541821e-02,-6.771262840219416379e-02,-9.388910063672248341e-02,2.016656930137620540e-01,-2.318784319519315573e-01
-1.887712596050833691e-01,1.488060402858168985e-01,-2.960834323361608011e-01,-1.561116065861876123e-01,-6.020392357039228148e-02,2.280981204703339815e-01,-4.695960536470028535e-01,-2.463012772707619813e-01,-7.399748825819563169e-02,1.571295948846502810e-01
-3.833880972887425131e-01,-1.103255915064257908e-01,-7.348178976112858252e-02,-4.045871996576969054e-01,1.973576408902258661e-01,8.191555137662063224e-01,-1.563171247031227562e-01,-1.844963129418854611e-02,4.181201477465034122e-01,2.040069577220404995e-01
3.772617514531670935e-01,-2.357244017411704307e-01,5.877628688721549602e-03,-5.752361721028251274e-02,4.101649365470754621e-02,1.408967390086126627e-02,-4.118885652965281752e-02,-2.568292523928100007e-02,3.967761842488734536e-02,1.747495703417547841e-01
3.838651923154636769e-01,-2.430984883629299376e-01,-5.023973055969072413e-03,1.416752282216395941e-03,4.794545141937138488e-02,-1.552709148902954028e-01,-1.214593339929977700e-01,1.690239769159435079e-01,-2.802794919094354908e-02,1.641071326060320607e-02
5.095295922173551650e-01,5.178526349701349785e-02,-4.862589405470108504e-03,-7.618685728039337191e-02,2.616342733442013953e-03,6.485399168957406424e-02,3.515281203601396814e-02,-1.171155139610943058e-01,-7.716593214574947457e-02,-1.857570147438007413e-01
5.507957263548409754e-01,-4.674821519113436102e-02,1.234890840311704402e-01,1.062113345713039392e-01,3.688646090671116734e-02,1.068132687898193656e-01,1.799005662283204021e-02,1.073018288863464981e-01,-5.409522046890505309e-02,-5.681976192279390714e-02
5.892383827366273197e-01,-1.145081897923551500e-01,8.601485022562020688e-02,1.346711034938096463e-01,-1.992027307392026797e-02,-8.155083031597673560e-02,-1.967992035592850894e-02,4.105811197359887088e-01,2.077104745433664967e-01,3.304868862003495500e-01
4.189576047221872379e-01,8.768408248074835432e-02,1.241223640554835542e-02,-1.208480135004658673e-01,-1.152037835077887075e-02,5.649624291942527410e-02,2.853150977570669336e-02,-3.374031182267112072e-01,-1.503976179100594834e-01,-1.440015880438476059e-01
4.697509697551851549e-01,-3.289237637705758610e-01,-2.366178750540514075e-01,5.091155882382739778e-02,2.958150583078926824e-02,-2.067940246051857001e-01,-1.279123887483117616e-01,5.656463514177210161e-01,1.356087125472695276e-01,9.895575369625287179e-03
4.125387195161253628e-01,5.158678709176590244e-02,5.374829436063289015e-03,-1.424206216198376229e-01,-8.482598169297424218e-03,5.726483618223218719e-02,-1.464920581284185480e-02,-3.094136903865116750e-01,-1.078279494428068946e-01,-1.264996970121092523e-01
-2.453301475532745357e-01,5.489035629782187398e-01,-2.002141990835156204e-01,-2.986577652796548188e-01,-3.785649638010066265e-02,-8.762861485717871046e-02,1.210016254553465398e-01,2.229231875973489707e-01,1.288067445045089909e-01,-5.400289060249185286e-02
-2.495763358664813691e-01,8.208464010766342023e-01,-5.097498360488401659e-01,-5.498332355710812414e-02,-3.039695809679330285e-01,6.416160770154256954e-02,-1.035236803771040492e-01,6.605759496248085894e-01,-1.595026668731520103e-01,4.262984921205278943e-02
4.054449199863519038e-01,1.023887712478449841e-01,1.801731620192452768e-02,-1.209887138192798223e-01,-1.885217036864698242e-02,3.413523609217287980e-02,1.861358336848557143e-02,-3.459259076885467521e-01,-1.496728381761122662e-01,-1.018840591870508877e-01
-4.650817733467423332e-01,-1.691520852784710871e-01,-5.064667988714444125e-01,9.517479636409488519e-02,4.246079254192980379e-01,-1.536351079807574127e-01,1.281599699796918124e-01,4.504875245797554939e-01,-1.292007507265643118e-01,5.084290878418532694e-02
-2.135626764378053821e-01,3.224263535044697981e-01,2.342061283709283293e-01,-3.242615246379840777e-01,9.807241093677625254e-02,-1.993710037885532693e-01,1.602801788726627430e-01,-1.755782093103489538e-01,-2.608383469834692492e-01,3.103238658410334416e-01
-3.124394609549073221e-01,7.216595517296936491e-02,-3.576300184164019624e-01,-2.993925974347925734e-01,-3.419045011362727982e-01,2.128274234926285646e-01,6.054041084827714581e-02,-1.077893899331517219e-01,-1.029052534905067484e-01,2.391564816610316224e-01
-2.882223022658089162e-01,6.404479033714622904e-01,4.612331032930188646e-01,-2.107652048824766033e-01,1.939275668701882782e-01,-3.108417756280272282e-01,9.711974006160146999e-02,2.693026047568496950e-01,2.319465384337338759e-02,-1.198346178328682510e-01
-2.368345104388827616e-02,-2.846701555359293367e-01,-1.894205911793314656e-01,-1.967242091353160471e-01,-2.673605942258294732e-02,5.823813321766441869e-02,-1.135112022890062689e-01,-3.078425917709857185e-01,3.982835862645669328e-02,-1.289310976444113244e-01
1.767062305834935301e-02,-3.604670852608703457e-01,3.879679376564003634e-01,6.630620985929340516e-02,-3.398997565093318796e-02,-1.533298233842006753e-01,1.605182462396243792e-01,-1.198446203469004656e-01,-6.289817001718130129e-02,8.051122540835273789e-01
6.242675780183404299e-01,-6.745984694020902561e-02,-6.333420464332861766e-02,1.235829729643453667e-01,1.064473263177935364e-01,-2.779622277789024071e-02,-3.541378811481930150e-02,3.090113487536347292e-01,3.636807801532388473e-01,1.132267597071901361e-01
4.125387195161253628e-01,5.158678709176590244e-02,5.374829436063289015e-03,-1.424206216198376229e-01,-8.482598169297424218e-03,5.726483618223218719e-02,-1.464920581284185480e-02,-3.094136903865116750e-01,-1.078279494428068946e-01,-1.264996970121092523e-01
4.754329043282533585e-01,-1.342011296386898811e-01,-1.433241244809931869e-01,-5.953955286600861457e-02,7.754543018773664420e-02,-3.768822734297039290e-02,-1.850155732660150043e-01,4.223656539518476083e-01,2.164785631662928533e-01,-2.014677294886895176e-01
4.054449199863519038e-01,1.023887712478449841e-01,1.801731620192452768e-02,-1.209887138192798223e-01,-1.885217036864698242e-02,3.413523609217287980e-02,1.861358336848557143e-02,-3.459259076885467521e-01,-1.496728381761122662e-01,-1.018840591870508877e-01
-3.320649670693386901e-01,3.077096658324633971e-01,2.370972553208483546e-01,4.977937687426996494e-01,7.855641064111306138e-01,6.371899596212700356e-02,-8.911333662053129434e-02,4.158832511296244872e-01,-1.612558410672251252e-01,6.914820145151688580e-02
-3.329038642383909674e-01,2.527088878299281194e-01,1.769833750266830152e-01,5.082768161545275776e-01,7.422212360897956218e-01,9.191793615202525913e-02,-7.740120402497267793e-02,2.619558683830276458e-01,-1.562392049799751215e-01,2.950651418263292025e-02
-2.283216017343509263e-01,1.881212907731116268e-01,1.736032513624315154e-01,3.362720160679215087e-01,4.024486372964479752e-01,-4.587209788432300428e-03,-8.611210832929001857e-02,-1.594815486024510898e-01,-9.059609115381711542e-02,3.099030606344061259e-02
-3.848286741384067400e-02,4.352095281494856582e-01,-2.387834671474744694e-02,-3.262560624357360717e-01,-1.762799950970981855e-01,-2.484667399132674259e-01,3.701358458878571955e-01,3.662140717295575554e-01,1.193557685614892068e-02,-5.458671700962559603e-01
4.681942518400230013e-01,6.495817576089713344e-03,-2.249071868603658153e-02,-9.266902475529995020e-02,4.510566736662972517e-03,1.991563352672301793e-02,-2.995658932182749742e-02,-1.248133396845522297e-01,-8.447070403524707671e-02,-1.096434226930780714e-01
4.785269045360807105e-01,-1.345755463981590794e-01,-9.602928718462526436e-02,-3.743379677278983741e-02,4.507207394471715589e-02,-1.950022884445047275e-02,-1.088052299823391994e-01,7.772115167559351390e-02,1.341980783102123854e-02,-1.050451499608067857e-01
4.794091452093268146e-01,6.301080073180979901e-02,-9.216333450987230363e-03,-9.601617746751625604e-02,-5.542319859138064922e-03,3.647723619132225981e-02,1.453179205211397283e-02,-1.629237008879005355e-01,-9.465040025248921962e-02,-1.678248534496309397e-01
5.811448729824743031e-01,4.449340240835852889e-02,-3.963841584254675088e-02,-3.892991410481434073e-02,2.727036360885234240e-02,7.637573200878976232e-02,4.903842561230590397e-02,4.977387574531445119e-02,-7.464864140504405728e-03,-2.329214455788824190e-01
1.799642925419838169e-01,-1.317423496422168439e-01,2.293728268979139950e-01,-9.417978796463039037e-02,-1.139518279251971189e-01,-3.889074763101226795e-01,-2.393801072704972721e-01,5.472837858812562573e-02,8.146231779205648227e-02,5.169452799101028617e-01
4.819230887143151620e-01,2.856879937593366156e-02,-2.336908748084191509e-02,-9.513358716529286829e-02,2.158340332114076603e-03,3.161548047516965498e-02,-6.024635478315813579e-03,-1.286498695052920027e-01,-8.103591761363476698e-02,-1.503999627798070782e-01
3.641760324180289832e-01,-1.962262290971765744e-01,-1.213253894431693264e-01,-9.621695735228032523e-03,2.684170125706323781e-02,-1.598702482453842610e-01,-2.173119145994195922e-01,1.134473439612740386e-01,-1.228091915374192496e-02,1.004277642026990720e-02
8.133507860284213686e-01,1.220184196684462735e-01,8.485645287223089750e-02,2.564836501878975938e-01,5.015812038387482130e-02,3.885311469910538440e-01,6.766838781629852528e-01,2.150736152075257701e-01,-9.923857591326090688e-02,-3.228685033352218792e-01
8.566606492103905346e-01,1.201455594624083884e-01,7.660363396228032917e-02,2.742701329512164388e-01,5.169239456147802642e-02,4.146685311233782034e-01,6.986848105775376183e-01,2.999460583316187479e-01,-7.030814030034351902e-02,-3.435977195962997555e-01
8.133974446404114156e-01,1.220241016665394168e-01,8.484248043421847851e-02,2.564970565184874762e-01,5.015860744898362894e-02,3.885586572684605611e-01,6.766922410218259021e-01,2.151719860945332519e-01,-9.921153054484085909e-02,-3.229025164371351897e-01
5.985831180099454585e-01,6.416140618660018391e-02,1.392515974925433719e-01,7.310594872304777836e-02,-1.217549176569771539e-02,1.449030958892265353e-01,4.569353932190365342e-01,2.900025991036102660e-02,-2.878649352923466631e-02,4.096495842765981443e-01
7.843480032090468512e-01,1.230437937354648265e-01,9.075457846511456039e-02,2.447433906032435436e-01,4.959603653498917408e-02,3.690828702454014842e-01,6.645873126818990784e-01,1.597973874159807350e-01,-1.183796376253152677e-01,-3.077310238766415296e-01
3.912210728650910019e-01,5.293104449625124497e-02,1.886457984632275084e-02,-1.400628229560720583e-01,-2.570717878433949333e-02,-7.714702447178509864e-03,-6.121469372857522850e-02,-2.831223301437988393e-01,-1.319189673789471218e-01,-7.683524764860880096e-02
-1.498449502122906063e-01,4.184831556021939569e-02,-1.614626335788133804e-01,-1.763690890575271564e-01,2.238294366907245259e-01,-2.951140829441897262e-01,-2.216926965166355901e-01,-1.670695228557571854e-01,-3.883782362744031547e-02,4.069050576606310643e-01
-4.542022589992167347e-01,5.107977596885983074e-01,3.358769370071633675e-01,-2.120512918969429811e-02,3.933092107098237755e-02,2.107171609253820355e-01,-2.450153621773670243e-01,6.296324650806832679e-01,-1.823300800995481807e-01,-1.335352300642007328e-01
-3.840152418981777616e-01,-8.980235471198523556e-02,6.652678595632818270e-01,1.026101972072791385e-01,-2.354919448607828980e-01,-1.382369087338138625e-01,8.376931214546218252e-03,-1.264763371623831845e-01,3.072276964082785167e-01,-5.134174251155126933e-01
-4.389810746660611218e-01,1.313450414097377672e-01,3.357606374059226018e-01,-1.989697363571071506e-02,2.716126140091543184e-02,2.280645577833802506e-01,-2.588866906712689597e-01,2.436359159441279787e-01,-9.884417699522314582e-03,-1.782751742921785398e-01
-3.508761137847596911e-01,3.233220160679550759e-02,6.261956107945925165e-01,1.604971875283700555e-01,1.859121517920216474e-02,-1.047351107124713243e-01,-1.608459137906403658e-01,-9.088538055097870882e-02,9.708899745476701204e-03,-4.649682884161550067e-01
-1.846271054614784524e-01,-5.386974727268889485e-01,-4.061425787264129061e-01,-2.940925511183532445e-02,-1.670063767274247990e-01,-3.538666868669684828e-01,9.471493711937116478e-02,3.279345030289024243e-01,5.827371264345452412e-02,1.692855769967017421e-01
4.238454673672125694e-01,-1.190356345002526739e-01,-1.775831123521819932e-01,-1.230037969200531017e-01,-6.480397100424999113e-02,-7.245837760198138577e-02,-1.040312582609743686e-01,1.402459363884088483e-01,5.674283595859166973e-02,-2.511715425939445301e-01
-2.245862828517727616e-01,4.431812990199339164e-01,-3.729237144678659854e-01,3.269443034914540913e-01,-1.005899956461982908e-01,-1.121137762574189040e-01,-1.581611276525439480e-01,-6.560695408113298432e-01,3.223977988412371487e-01,-1.383057448981156734e-01
3.352739419279032185e-01,2.727513755920399699e-02,-7.151424947622260497e-02,-2.178496209889000668e-01,-3.967951490085264155e-02,6.321583057897274538e-02,-1.802921507170265197e-02,-3.763859184941550917e-01,-7.861115565687265549e-02,-1.547922396016865598e-01
4.179062879512414619e-01,7.250936623078518828e-02,4.511704784889300490e-02,-2.067647796047617989e-02,-2.304805766185456795e-02,-8.923242787464740616e-03,-3.330270036562252289e-02,-2.712264633128152469e-01,-1.719143768162404995e-01,-5.468297347385882301e-02
4.313643911985102775e-01,2.797634575199361637e-02,-7.854569931832307977e-03,-1.356499158693386387e-01,-6.331324019820502164e-03,5.069572248414173227e-02,1.516364141694427972e-03,-2.411520236582055665e-01,-1.126451274315975609e-01,-1.116297664824758284e-01
6.054845900073613230e-01,-5.214227008513833833e-02,-2.217452691998325620e-02,2.967891077488057569e-02,4.808897350027654255e-02,7.303294891452646875e-02,1.193407607502307982e-02,1.981408987733442040e-01,-2.606599347814053842e-03,-1.416430991174191800e-01
4.154691431151258385e-01,5.491523404398318542e-02,-1.610285690895944810e-02,-1.144523148345949759e-01,-2.419628742220218329e-02,-1.404147025459655989e-03,-5.691249111358027968e-02,-2.373237074127295954e-01,-1.304392033251672023e-01,-8.475511347099486115e-02
2.679600817757293307e-01,-2.412719662339139759e-01,-1.495215540330827042e-01,8.443393572810059533e-02,-3.814869532394148804e-02,-2.151265437236541678e-01,-3.491915249053125780e-01,2.014862965206022927e-01,3.086888606793820045e-01,7.483579599610444555e-02
3.439798718269069244e-01,1.033764919867399129e-01,2.234835262412441723e-02,-1.502125530104326534e-01,-3.749406942549495664e-02,-1.939032137922891419e-02,-3.937984782976577947e-02,-4.289650396385655817e-01,-1.984734859849515975e-01,-4.228686061830079501e-02
7.423819034611519596e-01,5.828788487158246406e-02,1.267986203109607024e-01,2.150212612715567406e-01,3.432734012213772834e-02,3.659192286710683528e-01,6.887750084230269687e-01,1.708478196815402250e-01,-1.361722068416179598e-01,-1.089928968117581526e-01
5.847829475928207899e-01,3.533998055562914686e-02,-3.271956549714707257e-02,-3.097097489349414506e-02,2.661415182442839963e-02,1.110519466973079183e-01,5.468602761958129416e-02,5.358853914681565439e-02,6.127897408170730927e-03,-1.921189813321184936e-01
4.313643911985102775e-01,2.797634575199361637e-02,-7.854569931832307977e-03,-1.356499158693386387e-01,-6.331324019820502164e-03,5.069572248414173227e-02,1.516364141694427972e-03,-2.411520236582055665e-01,-1.126451274315975609e-01,-1.116297664824758284e-01
3.704944796306175459e-01,8.522627990475332982e-02,4.619740129694889161e-03,-1.487864625943735863e-01,-3.577210392307191705e-02,-2.090489123632482960e-02,-4.696645945783556320e-02,-3.526704245836829732e-01,-1.719105201205806399e-01,-7.212587148655791314e-02
5.847829475928207899e-01,3.533998055562914686e-02,-3.271956549714707257e-02,-3.097097489349414506e-02,2.661415182442839963e-02,1.110519466973079183e-01,5.468602761958129416e-02,5.358853914681565439e-02,6.127897408170730927e-03,-1.921189813321184936e-01
3.754448643941001862e-01,3.996120751133827587e-02,7.609695525171192645e-03,-1.682500767230899474e-01,-1.956171865110285096e-02,3.468224930624272308e-03,-6.610787273129133113e-02,-3.312042502392156251e-01,-1.344138871735422736e-01,-9.226543227774493261e-02
3.754448643941001862e-01,3.996120751133827587e-02,7.609695525171192645e-03,-1.682500767230899474e-01,-1.956171865110285096e-02,3.468224930624272308e-03,-6.610787273129133113e-02,-3.312042502392156251e-01,-1.344138871735422736e-01,-9.226543227774493261e-02
4.313643911985102775e-01,2.797634575199361637e-02,-7.854569931832307977e-03,-1.356499158693386387e-01,-6.331324019820502164e-03,5.069572248414173227e-02,1.516364141694427972e-03,-2.411520236582055665e-01,-1.126451274315975609e-01,-1.116297664824758284e-01
6.379567017468996681e-01,3.886173232880842099e-02,-6.863192553820486597e-02,3.927336761684373928e-02,1.666519821970406309e-02,9.794475090361876024e-02,1.114957597403252176e-01,1.857239518207220441e-01,-2.626790935509673228e-02,-2.326286175211463303e-01
5.349585320026437607e-01,-1.871595367640518232e-02,-7.315309386117981212e-03,-2.860262075869218767e-02,3.716669932281510547e-02,4.965469310053353263e-02,-7.271093031797899731e-02,9.197931836255512916e-02,5.866984799457650862e-02,-7.942265160633737997e-02
4.212143988913921722e-01,2.265644321733690722e-02,-2.139393388116432940e-02,-1.400256666446393072e-01,-1.482077640366472222e-02,-2.981993801486976670e-03,-5.820715560588642090e-02,-2.009937304156360072e-01,-1.027966976046127967e-01,-1.186522436600507407e-01
-2.424269357954186160e-02,-7.085074670287815068e-02,-3.029085589766842834e-01,-1.850615485532397519e-01,-7.331644487546641609e-02,-5.355754766880984480e-02,-2.303475815511052405e-01,-1.926999164879199533e-01,-1.647335838133742458e-01,-6.565451866122143376e-02
2.940012454364397954e-01,-3.440318840382763366e-01,-1.385461249352185065e-01,9.419456380218414748e-02,6.319760767855045480e-02,-2.185686501636823764e-01,-7.663031256802241287e-02,2.077474936418536866e-01,-2.930007928636402595e-02,7.421149128994576237e-04
2.679598409770272971e-01,-2.412719308694056541e-01,-1.495214987966372033e-01,8.443397676655410578e-02,-3.814871534527015245e-02,-2.151265407190583734e-01,-3.491915680672922351e-01,2.014859566076924180e-01,3.086888803652442226e-01,7.483574622820750311e-02
3.865527515317362384e-01,1.727287737691186181e-02,1.481604848204121257e-02,-1.485148743110336345e-01,-1.433823286007768205e-02,2.723045421088908513e-02,-2.164140497776124994e-02,-2.990033394760903129e-01,-1.495948912564018241e-01,-3.696826747527957348e-03
3.939394118376120524e-01,1.101179158051402707e-01,1.584346882023541028e-02,-1.220917510906434633e-01,-2.441841192069136093e-02,1.645594791200302720e-02,2.033633625932997416e-02,-3.644791701291028030e-01,-1.750580005571093778e-01,-8.437132611973242879e-02
4.262129827788792014e-01,1.024754525891119206e-01,1.264022641786385816e-03,-1.052781994708397867e-01,-1.528643169843298642e-02,2.127889935610163472e-02,-1.865711506206804053e-03,-2.797674676803371119e-01,-1.325774778040839097e-01,-1.064831934717868078e-01
-4.061074089249890329e-01,-3.283356175885496220e-01,5.891518703499923348e-02,1.412643045583603929e-01,-1.207972017684422750e-01,2.579904831714649460e-01,-3.593683067834599898e-01,2.495375556782432891e-01,-2.667412074579357528e-03,-1.988935465051986373e-01
7.182379180204563340e-01,6.943478747474597645e-02,1.253848271123654823e-01,1.870366908762648994e-01,3.436569080299534118e-02,3.362520952258998830e-01,6.737935547917187629e-01,1.292822574978482464e-01,-1.499921462780499926e-01,-1.533634232621108595e-01
4.821427459943011251e-01,2.274779551128475533e-02,1.267950736617108349e-03,-8.301998126697320013e-02,9.197655963993075362e-03,8.785917499672116215e-02,-1.084186149386212258e-02,-1.400397875498040623e-01,-6.768488687007741256e-02,-1.112525920427182013e-01
8.591225934757922011e-02,-2.889860403961576618e-01,-2.961003940123581590e-01,4.909200943573861775e-02,-1.141815633043825745e-01,-2.979567225450837631e-01,-3.140960149819505554e-01,4.349001728929514643e-01,2.587594705195092049e-01,-1.920600582606639961e-01
1.487741318349015407e-01,4.364432566040828826e-02,-1.439345497852526357e-01,-2.787153706050901070e-01,-1.718461938379707565e-01,8.000006515472297963e-02,-1.175850066121810061e-01,-3.833181503696356240e-01,-1.401968039767069185e-01,-4.398385099367783935e-02
-3.076136513949227491e-01,-3.160949854033115458e-01,1.345386561334779296e-01,1.970987270837870620e-01,6.302235176655747451e-02,-1.443762536385105044e-01,-1.233278594506214410e-01,-1.935155626870044554e-01,1.926628465627277798e-01,6.338894152599625076e-02
-3.268751811098827842e-01,-1.915848527619170016e-01,6.592456894091542896e-01,2.131712054633250475e-01,1.219684139259434169e-01,6.154639090179785388e-01,2.582672399926566609e-01,8.892572941130673370e-02,-2.294919370203193643e-01,3.145925297372993423e-01
-5.867369463592859713e-01,-7.476469440641193565e-01,-6.358102100507346810e-01,1.372300380268141051e-01,4.311751803968113389e-02,1.857261890374251045e-02,4.480458252020229071e-01,8.533352733339401308e-02,-7.400720892624185025e-03,-2.304311868680067321e-01
-3.419179788559921773e-01,-5.097465043059642986e-02,2.702705318395142164e-01,-3.549319229512259422e-01,-1.356903576210878037e-01,1.138671314160422665e-01,1.883670040585249533e-02,-1.237213553923124515e-01,-2.768212459253833191e-01,3.573139938509019009e-01
4.300366969533515049e-01,4.654919837258132166e-03,3.553668876717800545e-02,3.486410953571755789e-02,8.653356436586441547e-03,-1.208786677388463612e-02,-8.948260654968731576e-02,-1.501766599560696025e-01,-1.158949631259717922e-01,-8.386934254323297200e-02
3.128226538433808712e-01,-2.143321291957474561e-01,-3.162402934985704128e-01,-6.758515474121101763e-02,-2.695448741348579341e-02,-3.958639611411316622e-02,-1.705504215205357332e-01,4.540836869148445754e-01,1.533459970538881278e-01,-4.408591864990353271e-01
4.567437626917801308e-01,4.003774516464077282e-02,1.750127180359901903e-03,-1.122328752802123492e-01,-2.233808898836051916e-03,7.104762821044344201e-02,2.815868123069983475e-03,-2.158681071258304607e-01,-8.346368116788265012e-02,-1.332297433819406018e-01
3.266234793893398325e-01,-7.071589717484919220e-03,-7.877330486985591185e-02,-2.222398686530832335e-01,-4.227002140011718728e-02,9.354344080366921999e-02,-1.974047101754601227e-02,-3.522363956598534851e-01,-5.538221963042186391e-02,-1.160724391700790198e-01
3.439798718269069244e-01,1.033764919867399129e-01,2.234835262412441723e-02,-1.502125530104326534e-01,-3.749406942549495664e-02,-1.939032137922891419e-02,-3.937984782976577947e-02,-4.289650396385655817e-01,-1.984734859849515975e-01,-4.228686061830079501e-02
2.765297748294830438e-01,-8.184868028979142007e-02,2.278472173400921952e-01,8.204544144658104665e-02,8.541224193252769381e-02,-1.923114240816274287e-02,-1.993232341917339223e-01,-9.142561176286882751e-02,-7.152122896324528134e-02,-4.782862354661804316e-02
-5.470474717440292761e-02,-1.701141511480457058e-01,-2.102617055591696482e-01,4.040307082172233527e-02,1.143999941935365389e-01,-2.641180328326640514e-01,-3.231756645182815024e-02,-5.921185241219493189e-01,-1.872775279746830557e-01,2.600319030301362355e-01
-3.201078301253908465e-01,-1.828083764292237623e-01,3.922563931942249504e-01,-1.827555148120447726e-01,-1.135041838449166313e-01,1.820778834991845507e-01,-5.813922755956316135e-02,-2.774791644549914546e-02,-5.624384121935022129e-01,6.574068169277610396e-01
4.414062408703452456e-01,9.936074706093893372e-02,7.241330810921583171e-03,-1.004735235666293081e-01,-1.773322930775376310e-02,1.652500390618008227e-02,2.063928759756163481e-02,-2.566606303548554235e-01,-1.359885788124612638e-01,-1.284965864085052534e-01
-2.820138449990384766e-01,3.283420354893035187e-01,-2.409513264710091696e-01,-3.569363684782633772e-01,1.562318619816241427e-01,6.318231244384565626e-01,-2.809977823570954936e-01,1.088379489635939168e-01,3.781626400816363032e-01,2.340087854589043004e-01
-2.140928236752799030e-01,9.040232700898749585e-02,-4.670782784293620593e-01,-1.019244093156019548e-01,-2.014979947255995940e-01,1.507235541993931782e-01,-3.618754226887797021e-01,-1.149951136744630231e-01,-1.235877796361518066e-01,9.271310258406859073e-02
-1.876491577913077524e-01,-1.689655770027592430e-01,6.985102430349485747e-01,1.372724175625165688e-01,8.401122576078820514e-02,1.909082028811575904e-01,5.012700239772654998e-01,7.545693484522246475e-02,-3.034992231828944065e-01,2.327032230200064000e-01
1.970937184187429025e-01,-7.255511048039809188e-03,1.509128115382179364e-02,-1.423836500106359371e-01,3.604501271959175551e-02,-2.046151082083042250e-01,-8.900964933074929919e-02,-5.309206444626318744e-01,-2.055476279086891067e-01,3.474757115368435345e-01
-3.860975132391302744e-01,-3.616174721436923867e-02,3.745897093848653547e-01,1.142730236027259157e-02,-5.297360706422040572e-02,-1.271326266246352622e-02,-1.029234334920517413e-01,-1.144173105161849363e-01,2.554967344691342901e-01,-3.997884080554113262e-01
-4.595276529926088371e-01,-5.548389385953631514e-01,-6.180125274197627583e-01,7.497244272810464627e-02,3.739611469179444231e-02,9.873707609923768058e-02,3.619941899965944399e-01,-2.166783513324503085e-01,-4.191246438804614727e-02,-1.705538980655985776e-02
-1.670117173855808212e-01,7.579538511755734564e-02,-9.446984962924839802e-02,-4.215520980541287432e-01,-6.950577916793271305e-02,-3.748390586260831603e-02,5.187882406968064020e-01,-2.701640223057415469e-01,-1.425659844640689289e-01,-1.075220383950355185e-01
2.679597827158392009e-01,-2.412719494621319294e-01,-1.495214844731557746e-01,8.443395218705948557e-02,-3.814867211617994219e-02,-2.151265156377024368e-01,-3.491916575239729092e-01,2.014859486428681457e-01,3.086887953153094610e-01,7.483565100620080679e-02
5.438934693832996325e-01,-2.301229257614108639e-02,-1.803650114531682447e-02,-3.740373844404835252e-02,4.407812139704937043e-02,9.028327997776543212e-02,-7.686960989740853137e-03,2.443901214523613863e-02,-2.435569415562945789e-02,-1.141826728167505411e-01
-5.879070606270410115e-01,-8.320569264650703456e-01,-7.462005903473256652e-01,9.778557843620643009e-02,9.063020088390888462e-02,1.169404235678753595e-01,5.278851428381911015e-01,2.028007288885164405e-01,1.978881960947658988e-02,-1.890826010428519333e-01
-3.503520146622570164e-01,-3.145273443625843934e-01,5.030095802853405962e-01,4.517077936414010120e-02,9.301639716473793229e-02,1.386379843131126388e-01,-9.225348373264112556e-02,-1.366513607911949701e-01,-1.524584990274222562e-01,-1.033069268801206086e-01
-1.842947430848901891e-01,4.166539029087728552e-01,4.140206748524486446e-01,-1.768649647215292109e-01,2.605412654798677230e-01,-1.033281880804720054e-01,-1.601693280421850607e-01,-1.008525036695291088e-01,1.401982389976649535e-01,-4.113904558857826160e-02
-2.349331189641032658e-01,4.095576316002167427e-01,3.580577981724540337e-01,-8.720489648867153776e-02,4.494826292755813579e-01,-1.535008107452522363e-01,-2.681048171069295161e-01,2.450204061613537043e-01,1.052616244482743046e-01,2.013024936716109325e-01
-4.690928226350526420e-01,4.589547125312907205e-01,3.536549020810432209e-01,1.667604895835939072e-01,-2.024615822769476603e-01,-2.877311882522224501e-02,-7.955929530970097530e-02,6.876971278640605645e-01,-1.539482202965495317e-01,-2.210359943425602991e-01
-2.643586019260765752e-01,6.098513846677274808e-01,-2.641427644859720703e-01,-2.290152621247187603e-01,7.784516024454642136e-02,2.369571453171704367e-01,-2.047448432209032221e-01,1.364590437653093458e-01,1.721711621645990453e-01,1.884314794042269148e-01
-4.966034935959101615e-02,3.441590610280234053e-01,3.180734118662241205e-01,-1.821412933953511504e-01,1.589154884667580425e-01,-2.513738182557122558e-01,-1.601121252174341481e-01,-1.306782594501339212e-01,2.512617930802153454e-01,8.829664409561298333e-02
1.915749710241410331e-01,-1.796845027641178483e-01,5.630259304800899756e-01,-1.834598873032921781e-02,-1.809320096620422036e-01,6.402228530714203225e-02,2.710918373714640284e-01,-8.058968873193593507e-02,-7.947828995087637127e-02,9.464232018754812348e-01
-2.769768561387279115e-01,1.848749023040097694e-01,6.683670789446656268e-01,-1.475534179064587614e-01,-2.302824074952528749e-02,-2.178168238188130101e-01,-1.662540047511095256e-02,-1.674528764979920648e-01,-1.038844335910877811e-02,-1.746717810935111970e-01
-2.956317850257922930e-01,5.375404373708634331e-01,-2.399395411678526824e-01,-2.456226201343671978e-01,6.358426901921973573e-02,-3.972367441525848086e-01,5.127587465677571066e-01,1.074827884081200335e-01,1.304778115140864669e-01,1.723318133380850325e-01
-3.156724245428588760e-01,3.753187758816103337e-01,-1.895302201040776069e-01,-2.364745209369760737e-01,1.343538871969947313e-01,-3.131245366692847476e-01,3.087452841039581286e-01,1.938164486174966117e-01,-9.623443561945801278e-03,-3.736966732512195851e-03
-5.943670629025084029e-01,-8.410913326915834265e-01,-7.295483941791990334e-01,1.329496092003980834e-01,1.461766989771861036e-01,1.025638444843251507e-01,5.455311051916581500e-01,2.239910662555704701e-01,-7.709930031719837082e-03,-1.657963809126451749e-01
-4.792764683830152972e-01,-6.736615503027265639e-01,-5.681552084401242375e-01,-6.783470002591648028e-03,4.334850473279644456e-02,6.240546666591857000e-02,4.896295555189071336e-01,-3.203866885939157631e-03,-6.231878675133190743e-02,-5.045691380386872760e-02
-2.539628318773791138e-01,-1.272121553674093464e-01,-2.949364534514663516e-01,-2.096769352879177539e-01,-2.782239924872857428e-01,8.283169796127777540e-02,-3.300545247154745149e-02,-9.842307793748798772e-02,-5.503507757492224345e-02,-2.473097588904575039e-01
-4.150879405461754823e-01,1.079474689151088546e-01,-3.656361940693056423e-01,-1.889816657115367948e-01,1.762634697130041617e-01,-1.916705320265948143e-01,6.565787911295530854e-01,2.017336355860978314e-01,-5.585506172005837849e-02,3.225043658510121092e-02
4.629130513935315050e-01,-1.374303296243229409e-02,-3.300312194414207340e-02,-8.028676566487043254e-02,1.095751964384733719e-02,1.283400634994515122e-02,-8.883931425907613810e-02,-6.167578803698420264e-02,-7.165270797387417179e-02,-4.636195527483122358e-02
5.232983115787046557e-01,8.616192594303402619e-02,3.282699833924178009e-03,9.341651368076750450e-02,3.941596482034529642e-02,6.163260395347828352e-02,-3.099005743705539676e-02,-4.339069955540589274e-02,-7.205972994914608409e-02,-2.054145318607489001e-01
-4.639565892637407818e-01,7.405307543337773246e-02,-2.510924498143070616e-01,9.377051099877510565e-02,5.997241686232016589e-01,-2.496721719825300834e-01,1.912496408881524390e-01,4.244081625951337533e-01,-2.643939931571463453e-01,2.345067883658257246e-01
-1.686586569367876098e-01,4.142967614872816173e-01,-2.553850001197206510e-01,3.847500853076870619e-01,-2.376562628815064859e-01,-8.607360452336919321e-03,-2.377736744108072467e-02,-7.182400158020081360e-01,2.426622625782971221e-01,-1.162210795555270321e-01
7.429429851163115162e-01,-6.716034440490248336e-02,5.699466250058054378e-02,1.953580895441130172e-01,-9.994059792531624978e-03,1.351263484551717409e-01,1.719369741827807829e-01,5.252577082888599813e-01,2.239994678947107021e-01,2.551272705951713182e-01
2.497365597941345328e-01,2.944616004788416785e-01,-2.537044608556607295e-01,8.044144757871056484e-02,-3.459284125149229006e-01,-1.778074875445301573e-01,3.760802850982022938e-01,-1.224895735301777117e-01,3.584441265843908014e-02,5.747875109537653460e-01
2.546412933282646840e-01,-1.344174038252022585e-01,-1.548603375358143484e-02,-1.891420524702253358e-01,-6.189266561202502737e-02,1.265178920667398843e-01,-3.044474425467531137e-02,-3.297887945537875121e-01,-1.119626808588495559e-01,-1.127880072330351424e-01
1.025538027356066167e-02,-3.282680896465686726e-01,5.984883370508646827e-01,4.864219236989944517e-02,-1.773263526403958679e-01,-1.135500201603461407e-01,3.078348821951534114e-02,1.316974776544189464e-02,-3.617975054125345535e-02,6.953245972504807915e-01
-2.269180047682018697e-01,5.619935050214625027e-01,3.018656280161577943e-01,-1.831305546442310583e-01,3.379527742768826393e-01,-1.391290051427549190e-01,-7.796584185422460178e-02,3.210787579714043799e-02,6.930726709766731053e-02,6.493810688869157410e-02
-3.368839657022000833e-01,6.806921308216754563e-01,-6.852850763898520048e-02,-2.929912660813734360e-01,1.163623767443232454e-01,-3.798531325571183337e-01,6.306206079637157735e-01,4.076664777394666261e-01,1.226806961136319707e-01,1.121829415006400793e-01
-3.817284414822012806e-02,-1.543478179648842541e-01,-4.689728388898986577e-02,1.052049876793565569e-01,-1.599433250196867218e-01,-2.059807205294249544e-01,-3.826481534199336343e-01,-4.685112706338322164e-02,2.310333292775300917e-01,-3.374691704389279900e-01
4.951570526042751719e-01,-2.073139504228843077e-01,1.336657986186564340e-01,1.674454659923018396e-01,1.351362804942312368e-01,1.812563932577213738e-02,-1.086113732676650817e-01,2.999080749283044578e-01,8.143977069560734416e-02,2.525451025259778937e-01
4.706648059746756929e-01,2.440485240794960237e-02,5.119874958133225490e-03,-1.179797921313001652e-01,-1.648467999987927174e-02,2.006922036069217971e-02,-1.405124811366652640e-02,-1.031303857774054644e-01,-7.677739029021843353e-02,-2.044601335369163331e-01
6.580265658557061803e-01,1.284638590043989288e-02,6.947814466801036093e-02,9.248054854020286430e-02,4.126644250431178718e-02,1.602708462485078755e-01,1.450152506038697442e-01,1.974138193388093876e-01,-3.126627738830085879e-02,-1.982222985626945488e-01
-4.426140792035030413e-01,-3.853360825803673340e-01,1.631832827149762577e-01,1.025252150009635793e-01,1.482399927838446985e-01,-7.299050118973784973e-02,1.328750132899193248e-01,-1.427184582107998700e-01,-2.122915811048252666e-01,-1.813807915570466167e-01
-3.150930088885126046e-01,-1.969833564236262713e-01,-2.125193818257961054e-01,-3.363480978841870694e-01,4.375703467937724911e-02,4.641151185711561156e-01,-1.500533151589542313e-01,-4.227363061360961405e-02,1.755855684070405653e-01,-8.462592647732306711e-03
-1.168347030589734076e-01,3.741969033730702665e-01,-4.760097053929550626e-01,-1.571917138441777939e-01,2.395794921886038598e-01,-2.964308418671893208e-01,5.709619450261946630e-03,2.953266118972482368e-01,1.714649434464562971e-01,3.092571801788812080e-01
5.438934693832996325e-01,-2.301229257614108639e-02,-1.803650114531682447e-02,-3.740373844404835252e-02,4.407812139704937043e-02,9.028327997776543212e-02,-7.686960989740853137e-03,2.443901214523613863e-02,-2.435569415562945789e-02,-1.141826728167505411e-01
-2.668009684112931379e-01,3.471152990740112299e-01,-1.468177963400855435e-01,3.615683353159127034e-01,-1.174160012310862117e-01,-1.310902406109427931e-01,-1.743038623043708102e-01,-7.081171256818541426e-01,3.217024202166303137e-01,-4.072192219875938601e-01
1.505704542761884257e-01,-4.125809885230189572e-02,-2.105484999429150031e-02,-1.217661836796073427e-01,4.824352602004133156e-02,-2.154344084930150949e-01,-6.996416469834865204e-02,-5.625140665797021544e-01,-2.193387464835067358e-01,3.560803829839451762e-01
1.310134442763477847e-01,-4.042614687533489515e-01,1.351198471449597260e-01,1.202874077737797337e-01,-2.039397076420930432e-01,-4.170984409656275926e-01,-1.774284650831040311e-01,3.190471582916488691e-01,2.353948967206452580e-01,7.768180025159722168e-01
-4.023839025866680630e-01,2.009163136603823729e-01,-3.050345401425942349e-01,2.542768475200202216e-01,3.584667463741758042e-01,-3.959120886891798891e-02,2.144679247734663716e-02,-2.464509170983705810e-01,4.532644205632841566e-02,3.208944617061898485e-02
-2.287873638250227937e-01,4.178538484412973597e-01,-3.866244778083431921e-01,2.833753182199424403e-01,-8.982932070779607592e-02,-1.097762784154186488e-01,-1.728614355876357256e-01,-6.541669848966820133e-01,3.192819053031461518e-01,-1.106970716720991343e-01
-2.789329555084240075e-01,2.912883212289094081e-01,-2.256136642716685958e-01,3.146422580294288562e-01,8.947242185509180282e-03,-1.693627568557070917e-01,-2.277937975310113938e-01,-6.245466105783437083e-01,2.275283919029843505e-01,-3.011566143582090072e-01
-4.075444914842004107e-01,-5.320296485277595799e-01,-2.347473117151120114e-01,1.838750899243843384e-01,5.010262415988472884e-02,-2.427964472265886631e-01,1.610602509482082223e-01,-2.031427761438885093e-01,-3.423853986577271580e-02,-6.081979600703153743e-02
1.457147254980205309e-01,-2.017830495664866275e-01,2.596183003616979734e-01,9.869114888758573345e-02,5.428188246477390344e-02,1.356559446871472285e-01,-1.529429802647482017e-01,-1.785343616160836588e-01,-8.662273327251378274e-02,2.644951096121271952e-02
4.757734474135494329e-01,6.545804847016201133e-02,-8.165460001038798640e-03,-7.888325461362249991e-02,6.341593842665009138e-04,7.353714492951386739e-02,-6.453485872475284851e-03,-1.759403312988476464e-01,-9.074836315562304079e-02,-1.360189801985456637e-01
5.764873203850839900e-01,-4.757418248621794743e-02,-7.793901174695645750e-02,3.444859262822635299e-02,1.165616742093819949e-02,3.096798891299908096e-02,-5.247436924123689839e-02,2.343144130567981764e-01,-1.854109171557214884e-03,-9.807639098779777354e-02
4.295054090775466404e-01,9.619421619039168758e-02,-1.730077209830107124e-04,-1.044081178637868146e-01,-7.757850000256121675e-03,5.206883930139002276e-02,8.464421563107867377e-03,-3.070285636933277607e-01,-1.361561694820298540e-01,-1.323182471984331587e-01
4.295054090775466404e-01,9.619421619039168758e-02,-1.730077209830107124e-04,-1.044081178637868146e-01,-7.757850000256121675e-03,5.206883930139002276e-02,8.464421563107867377e-03,-3.070285636933277607e-01,-1.361561694820298540e-01,-1.323182471984331587e-01
1.485566957741386862e-01,-8.905209093435484044e-03,-8.244502475460382951e-02,-3.025556055708763514e-01,-1.098864249162192080e-01,5.419349392661352433e-02,-1.330850241548865165e-01,-5.342242528939056267e-01,-1.496373123160402163e-01,-3.583772654764943999e-02
7.259151073895669937e-01,-3.595651741011037655e-02,9.009619194508095008e-02,1.470869579194993837e-01,4.145061852055529489e-02,1.645770696459654125e-01,3.129647614844329184e-01,3.390754804466553085e-01,8.599998200430224171e-02,3.861276750364843191e-01
3.320577027076559440e-01,1.385637204381027499e-01,-2.711594973378853371e-02,-1.736371908378381013e-01,-5.189083372907452030e-02,-1.559907325090189971e-02,1.698221003171344543e-02,-4.568361972528831028e-01,-1.826599858666679010e-01,-7.845069083508376950e-02
-2.590198661418070536e-01,3.268674362306707160e-01,-5.681022608286279141e-02,4.493179281312739137e-01,2.275384189736760071e-02,-1.550094130514965418e-01,-1.262448882731128097e-01,-7.314740381868901631e-01,2.116420375855400382e-01,-4.443943122850584349e-01
-4.777419889523807500e-02,4.140333309177419152e-01,1.324318639870090963e-01,-2.205915266516589313e-01,1.661660728641741747e-01,-2.298648844129825841e-01,-1.049286178497717270e-02,-3.360340403866723946e-01,1.984577970471193276e-01,1.943799089406219593e-01
-4.191077193522160793e-01,1.154056703308023735e-01,-2.065702794320941893e-01,-1.840453752370234952e-01,1.305979945721379709e-01,-3.579029524639685822e-01,3.373542093372225437e-01,2.336506859778227641e-01,-2.071448005655409930e-01,1.273011584784987660e-01
-3.466996131298700212e-01,4.594808630070712496e-01,-1.452689786284487861e-01,-2.378384424384318019e-01,2.578218833643392549e-01,-2.836182093170985796e-01,3.789533092809756476e-01,2.697107769871474048e-01,7.682630545833918183e-03,1.469476003618804538e-01
-4.161429765520120450e-01,2.541063558565925806e-01,-1.260001580146823674e-01,5.110726154068775395e-01,1.000000000000000000e+00,-1.177125046320957741e-01,1.360645986690482701e-02,5.601398206590301188e-01,-2.057346403518908184e-01,3.076737390256717442e-01
-1.995516693655972895e-01,5.167279378353154540e-01,-3.318288997823697906e-01,4.024341652883542952e-01,-3.984557583058792596e-02,-1.008059895912847975e-01,-1.384010215707454639e-01,-7.498435477191156551e-01,3.277387816977377910e-01,-1.951390141624684271e-01
-3.396639477369370330e-01,-2.791360930748958968e-01,1.330341161307943276e-01,-1.866761685288972558e-02,-3.908062509976404364e-01,-4.390604916434646121e-01,-2.969332624901159859e-02,2.458890610277500721e-01,-1.161617892641248484e-01,-3.517933339912425184e-01
-1.221109594536605170e-01,4.488424505429365885e-01,2.453920956854093727e-01,-1.310104336832187133e-01,-1.338050646813087052e-01,-2.931977876122296989e-01,1.597646593956749406e-01,2.737046700103509811e-01,-4.331637148982685204e-02,-7.287955161061401288e-01
-5.476180560267454034e-01,-7.093147190344574193e-01,-6.099537030646963176e-01,7.340943593370929943e-02,4.162376213774372780e-02,-7.932056656427675934e-02,6.341447422163267733e-01,1.303182720964868868e-01,-1.186115108423120429e-01,-1.525473307211702989e-01
-1.863037507399840920e-01,5.128869078193541986e-01,1.572559474626422649e-01,-3.738262108916033943e-01,2.820428720370598413e-02,-1.731432654730165888e-01,3.417435433054611393e-01,2.621377445972215559e-01,1.190053900120304105e-02,-3.334420762633564794e-01
-8.662479181639708148e-02,4.943768805469335170e-01,-2.390043027001881037e-01,1.497509943770430896e-01,-1.047737205015194656e-01,-2.641393496931904172e-01,9.726864150692972333e-02,-8.481618874203366021e-01,3.313069596470540334e-01,2.961145968559638839e-02
-2.408065633370650993e-01,4.812957921079262791e-01,-2.891680737685803360e-01,4.937981241667223076e-01,1.235985913305469829e-02,-9.317006081892473257e-02,-2.154731872824662553e-01,-6.673020476252814470e-01,2.940776691212472205e-01,-3.555674570090680553e-01
-2.986203982910087262e-01,-2.049132457749187342e-01,2.960248678885394891e-01,-1.702537724547460440e-01,-7.377557022546102350e-02,-2.478430123058648904e-01,2.607815948524222494e-01,-2.567137695456539470e-01,-1.906074010799770901e-01,-1.050241943485006185e-01
-3.530902729088561398e-01,-3.774938605000991432e-01,-4.242732884414813221e-01,-1.586512031003090017e-02,-9.644660046862058023e-02,-1.642375756558184241e-01,1.465746914081860475e-01,-1.982774846741213459e-01,-1.277730476932444625e-01,3.016458453234501652e-03
-1.822129601333647708e-01,5.175859797223044678e-01,-2.657494614456882287e-01,-2.267726762221891276e-02,-3.524144483666605820e-01,-5.052838514264115233e-01,1.472134360442317047e-01,4.720040737738913639e-01,3.597159133473943476e-02,-4.792781370982432954e-01
-2.730904263608404103e-01,4.265211004367090442e-01,-1.839487478016543220e-01,-3.569846518049237249e-01,4.385355834714178141e-02,3.553081088116885056e-01,-2.627515795001397203e-01,1.750394777145364011e-01,1.281458376716023417e-01,2.040683127056504009e-01
5.911544414621621168e-01,-1.123250737955468620e-01,-1.141690999561711418e-02,1.112926787138508872e-01,3.426812370742343683e-02,-4.515496334924485634e-03,2.286595584318299595e-02,2.537896295154616344e-01,-1.312207496186483524e-02,-8.918260624005469595e-02
4.054448895413567677e-01,1.023887713173106395e-01,1.801732348345413959e-02,-1.209887358433062998e-01,-1.885218062190818430e-02,3.413521570549977319e-02,1.861357787788489246e-02,-3.459259525882145136e-01,-1.496728666112356887e-01,-1.018840544090801048e-01
-4.454985211069031892e-01,1.970650991276395592e-01,6.139407265217543541e-01,-2.156617292970222088e-01,-1.135128621430799879e-02,2.887448632680788066e-02,2.892965392771104094e-01,1.809838714046176356e-01,2.293846050042097906e-01,-3.404356334965446540e-01
-4.691704207646954505e-01,-1.543286385630754654e-01,-1.628955459818431928e-02,3.559893567282488291e-01,-2.306418923892374628e-01,-3.436485336653663514e-01,-4.690627562307486675e-02,-2.214798131277741222e-01,1.576597330253248219e-01,-8.142607561989675391e-01
-3.141803804291876112e-01,2.949474084365639182e-01,-1.556447660376228670e-01,-2.629158970458103650e-01,1.024027249671213141e-01,-3.749642181503510252e-01,7.618914810637495982e-01,1.463932297155731421e-01,-1.823917982383464753e-01,7.182991694145136885e-02
3.791377247616640189e-01,-2.393472636972657219e-01,-3.727816772139252305e-02,5.819567249737159914e-02,6.818409817443397969e-02,-2.213049387161581116e-01,-2.354960881730119582e-01,1.508935699518534901e-01,2.529241952439291730e-01,1.769910019892761144e-01
3.609441013789040364e-01,6.536783615827825022e-02,1.664637305467613765e-02,-1.667273491789567630e-01,-2.776210899664338996e-02,-1.022675748772409673e-02,-5.765097944970076771e-02,-3.793929970619768777e-01,-1.620901854214088778e-01,-7.841905710394329876e-02
-2.148390470826464990e-02,-3.221401233879686021e-01,-2.289472945948551053e-01,-1.316586052040687738e-01,4.199546300363261875e-02,1.096061335277851156e-01,-2.564576718418081769e-01,1.080053007761534872e-01,2.409467046288840952e-01,-3.317574164145400961e-01
1.030365603816535691e-01,-3.702143373452889130e-01,7.159757686439179036e-02,7.807842061358979957e-02,-1.701265067661305030e-01,-4.240435269105242155e-01,-2.684647557469544421e-01,1.902733538790842560e-01,2.260360361814723884e-01,5.092271849603406952e-01
-5.773871727613255622e-01,-7.021837370896950592e-01,-5.562767771724100863e-01,7.831103725802365800e-02,4.673685801199545242e-02,-1.157989755356377687e-01,4.612207276325740457e-01,1.035193902797715421e-01,-7.411410674949663047e-02,-2.252862093590791426e-01
-3.042876486331422270e-01,6.418679541963414614e-01,-1.616211696137198617e-01,-2.686005520490739040e-01,1.224551638900742007e-01,-3.711062059154615067e-01,5.833272856717862664e-01,3.017417549044721925e-01,1.221183118260354139e-01,1.338068324495567951e-01
2.806377023420656980e-01,3.576321153565720917e-02,-1.480512926985640410e-01,-1.979936518857235428e-01,-7.201491414780233913e-02,-7.213584100140778277e-02,-1.888754429946697122e-01,-1.345321961116852927e-01,-3.925098844111907237e-02,-1.976527836803425031e-01
3.912210728650910019e-01,5.293104449625124497e-02,1.886457984632275084e-02,-1.400628229560720583e-01,-2.570717878433949333e-02,-7.714702447178509864e-03,-6.121469372857522850e-02,-2.831223301437988393e-01,-1.319189673789471218e-01,-7.683524764860880096e-02
3.369626913495600840e-01,-1.553588463767156813e-01,7.513785996919268573e-02,-5.373156888724448660e-02,3.868627786245650013e-02,-1.624001125555469549e-01,-1.396607738756890094e-01,-3.260736581501502696e-02,-1.301999576686011517e-01,1.568619204411583756e-01
-2.459285550874873993e-01,4.593105935436833653e-01,2.237737935066076433e-01,-3.095089625042624949e-03,2.757366212035667341e-01,-2.591180252331727329e-01,-3.013910388755464131e-01,1.886182306840286371e-01,9.428225048489922988e-02,-2.315887146397584140e-02
-1.478181317104191317e-01,-2.355655263114228015e-01,3.977372378693672106e-01,-2.039263459649842125e-01,-2.104699559210061049e-02,1.418964389224702631e-02,-5.479239178806763477e-02,-1.211663817567601720e-01,-4.332520016759001252e-02,-1.717973979231164350e-01
-2.183260380112005683e-01,5.955989631998505063e-01,1.563600942358607526e-01,-2.639109697041300828e-01,2.159389671131072275e-01,-2.340256005915633264e-01,2.951532104753915586e-01,-5.930904169839724266e-02,-2.403642802428844830e-02,2.471458130915403228e-01
-2.681657155966661321e-01,-2.534144528234609783e-01,3.484257850487457731e-01,1.993772999484574593e-01,-1.833816325645784562e-02,-1.731311290998929220e-01,8.721798984829258472e-02,-2.125150215722252933e-01,2.492656369479240297e-01,7.718376918919875318e-02
-2.264892597626465554e-01,6.394246471814801769e-01,-3.410802043916293935e-01,-1.786391006369838219e-01,3.143721550658631902e-01,-3.095354409890223035e-01,2.394920675012091327e-01,4.009555710914591842e-01,1.951686490663261386e-01,2.104177342634895864e-01
-3.625986687920396689e-01,2.734074330992822266e-01,-2.124395928779296283e-01,-2.461928041608122675e-01,2.931738256145572374e-01,-2.588143182739677806e-01,4.908603300759748489e-01,3.121914054919838200e-01,-1.797895162830751292e-01,1.325831203073291054e-01
-2.837781574501924142e-01,3.345426386586851375e-02,5.587919365447413522e-02,-5.650702754532777039e-01,7.924437652805380386e-03,6.134942565819256899e-01,1.041446751341350285e-01,-1.967055565021987862e-01,5.054311328519665025e-01,1.069154594389979118e-01
-3.232848570049853820e-01,1.575511359576967363e-01,-2.070605385423720246e-01,-2.532643488488005579e-01,1.661475924369318347e-01,-2.212317186850555062e-01,7.622190326867186450e-01,1.652750556586273789e-01,-2.719163902291382717e-01,5.383431317039051416e-03
-3.740080220199185068e-01,6.078945223005578491e-01,2.860501411739948541e-01,-1.047979838133337727e-01,1.853016915609198012e-01,2.432670392078887245e-01,3.187636865018812077e-02,6.151691061086215218e-01,-4.278131812363921704e-01,3.041985010948492496e-01
-3.394888198490492726e-01,1.439075925254682253e-01,6.103399307711931954e-01,-2.004016273486935312e-02,6.448324375810998710e-02,1.581023829603455111e-01,8.989638368432448234e-02,-2.169271196232016585e-01,-2.646998740505008066e-02,-8.486393544273241121e-03
-2.807238136727481237e-01,5.460257437685328563e-03,-7.610606013584257645e-02,-1.193237082298508195e-01,3.910362101518793376e-01,-1.219261400701105308e-01,-2.306836517504004536e-01,1.464665414262723286e-01,-1.922300120570416548e-02,2.272548667177843318e-01
-2.924300812764031310e-01,2.797270050713993039e-01,-2.530522610899539337e-01,-3.677743534629985267e-01,5.526121073595964550e-02,3.398211618289254110e-01,-1.260931771017170244e-01,2.321387013052203796e-01,4.124221999511052533e-02,2.149133072114994825e-01
6.069701093309245454e-01,1.090035284942009013e-02,-1.236127074525606023e-01,2.342700582246612026e-02,3.911523011692724650e-02,2.994366190944102932e-02,-2.244610561165573392e-02,2.255512088633229995e-01,1.077353027948268621e-01,-1.426023364968629081e-01
1.000000000000000000e+00,-1.099756462381421968e-01,4.996244601424001952e-02,3.108342465449150938e-01,1.106042099393475947e-01,2.939461970336113561e-01,3.311922219601890482e-01,9.763074723424132184e-01,4.029674549349042678e-01,3.998669600944176894e-01
-2.664570633832391566e-01,1.287367842319782352e-01,-8.726731770251472398e-02,4.578521071007338739e-01,1.545101688677278928e-01,-8.782741935075782935e-02,-9.033682632820212374e-03,-7.006716341103100820e-01,1.100377112314599413e-02,-4.697869772879379596e-02
-1.737299651444775550e-01,4.876716964592752168e-01,-3.329858409879459247e-01,5.113973155066733334e-01,7.039381696462244931e-02,7.741947248333880260e-02,-1.764550518724354033e-01,-6.977022184833721052e-01,7.804555966535015044e-02,-6.571012659480537921e-02
1.703787719704053516e-01,-2.346160998298977007e-01,-3.376282042618344859e-01,-4.267393280528461452e-02,2.267438341755418918e-01,-1.248158812830897774e-01,-2.454783670233597892e-01,1.718738509548792814e-01,9.478441686503599403e-03,2.658801072691009959e-01
5.887799843500005625e-01,1.050536727010382108e-02,2.521479446710344491e-02,1.092599459965334745e-02,4.490679079349404676e-03,6.750879164549469097e-03,2.516811397682449866e-02,1.553168902131814300e-01,-5.598547467618637981e-03,-2.862055862718744792e-01
6.311586266578150806e-01,1.505430166231079281e-01,5.893546573605294020e-02,1.150622650552120263e-01,-3.419846830282551411e-04,2.189061931572169051e-01,4.067173272921831839e-01,-5.581646610952478021e-02,-1.644505065733958271e-01,-1.572292942131307547e-01
3.904745504598439720e-01,-2.063996853843533541e-01,-1.056241393485845004e-01,-2.181470330105269532e-03,-2.217104525457917752e-02,-1.954872115980196834e-01,-4.812445951922340870e-02,6.828249999002732051e-02,-3.784388332367120272e-02,-1.304159302232289486e-01
-3.161836783973640541e-01,-2.083922544168048119e-01,7.549296267055252141e-01,-5.307516309347551364e-02,-1.214225207660313832e-01,5.026819551445176060e-02,9.383240541951972172e-03,-5.288525428827584723e-02,-9.970598054967934332e-02,-3.638718722652856119e-02
-1.830906044551985357e-01,1.122356934969408332e-01,7.002777497585530586e-01,-2.116415025852544651e-01,-6.200491309490218511e-02,-7.757404860674387004e-02,8.022349835505671392e-03,-1.669037518612863646e-01,2.197543232946855551e-01,2.903846437418102985e-02
-5.633585668482554709e-01,-7.244852505658800901e-01,-6.542037712415682549e-01,7.731895811768692284e-02,4.631294454129507299e-02,-7.344407343925726805e-02,6.017771821794157816e-01,1.495910458169632251e-01,-1.010505590082839550e-01,-1.607023339859448841e-01
-4.144784983314210303e-01,3.731154400271100569e-01,3.530983869615923476e-01,5.860951194330764336e-02,-4.711959784749579494e-02,-4.860835194753689859e-01,-1.182697135387040105e-01,3.818838061255486749e-01,-1.663851808130812349e-01,-3.677177272558151411e-01
-1.869998505603797379e-01,2.472622215463908535e-01,3.877990149585189283e-01,4.183100929219740576e-03,8.161146150566742086e-02,1.364310006283148968e-01,6.602938389653890960e-02,2.166576608906961021e-01,-7.177856615476703173e-01,5.746214364187954837e-01
-1.483450535976368889e-01,-6.899869598873294152e-03,-4.295512481708229080e-01,-2.952011281811413659e-02,-2.172678481052490729e-01,-5.087723998636838330e-01,4.084983172509235039e-01,4.340957096530485004e-01,3.371543614412279843e-02,-6.017704401156617200e-01
-3.143681070025098889e-01,1.928862856296316985e-01,-2.899645980546625146e-01,-1.150483514086024089e-01,9.555768775584246033e-02,1.611440356469152901e-01,-3.275169182322644201e-01,-1.693950208502975896e-01,1.734086462779684534e-01,1.331047747008234361e-01
-8.156360029806745959e-02,6.647092309749398353e-01,-1.575944907359629887e-01,6.693416066904356310e-01,2.399271648029536325e-02,1.233035408050449783e-01,-7.808982157926848584e-03,-6.484460892952752520e-01,-1.466963905857716632e-01,-3.908785886890741440e-02
-2.589615265096222307e-01,4.835027732734898942e-01,-2.254917023360092920e-01,-9.302321457351216127e-02,-2.467444681291637021e-01,-4.253392656637955960e-01,1.267298940727575318e-01,3.980800920835261825e-01,-8.558423996706374104e-02,-3.532575688756443566e-01
-1.534274410730392668e-01,3.873792667208737495e-01,-7.828990196349835951e-02,-1.378158763201552950e-01,4.061974830790886504e-01,-1.324439167310939580e-01,-1.427307442854095498e-01,2.019456084579060451e-02,5.666199136180332524e-02,1.339452364773033588e-01
-3.987388816031995353e-01,8.456434310955845968e-02,-1.314585859928443790e-01,4.643226467151090331e-01,2.464698867214128175e-01,-2.668224014085578966e-01,5.261577040251949611e-02,-2.790839274028361627e-01,-9.629892890760709256e-02,-2.806841692442751945e-01
-8.337659405509421917e-02,4.558356182947890245e-01,-1.097363661560664949e-01,-1.597493105793063306e-01,1.982111141500726426e-01,-2.489367051080665916e-01,4.545238496645464393e-02,-2.162951569185813661e-01,1.129886764063379040e-01,2.461111632480852407e-01
-4.117646547936045232e-01,-8.619237653413824862e-02,5.670528743998628496e-01,-3.989983204229979319e-01,1.560781896410321501e-01,6.741049075367335774e-01,3.477827557421291349e-01,-1.367793474869612724e-01,5.921862446531761526e-01,-2.002161147033516483e-02
-1.727299901998466392e-01,6.353150828668949757e-01,-5.270375673544810957e-03,-2.360542090672115290e-01,1.755634450121366930e-01,1.140847573887502353e-01,1.822654495704491839e-01,3.153693919341022389e-01,1.200630609370904184e-01,-2.201764492493524517e-01
-1.777206076762636866e-01,4.289340826322099454e-02,4.581294752000951709e-01,-4.209989700114269984e-01,4.841394946749244532e-02,1.526650471604876769e-01,-1.467619048568285893e-02,-4.566368116085074980e-01,2.265178759585775858e-01,1.703028904214805572e-01
1.097494181329822238e-01,-8.724788783845986717e-02,-2.532756593248008947e-01,-2.077125866410597377e-01,-6.992588026610771501e-02,-2.260782218630070367e-02,-1.344893040253159477e-01,-2.988877759906695686e-01,-1.911096768425704293e-02,-9.683498775808223324e-02
-3.365201197010806444e-01,-4.499601754168865986e-01,6.931691576685183875e-02,-4.283093352645304108e-01,1.250067700388716452e-01,1.000000000000000000e+00,1.251837197776227706e-01,-1.346786903028145410e-01,6.987638612733364507e-01,-4.207566066997026760e-02
-1.687544462589732064e-01,3.463878012989947686e-01,1.521546689343377945e-01,1.216828276305523954e-02,5.606450659206628773e-01,-1.542593217325960442e-01,-5.162400483738678325e-01,3.862167529235809305e-01,7.641577746075173261e-02,2.344654698063826925e-01
-1.537895223185887228e-01,-2.585567492080971808e-01,-2.450496736152956712e-01,-1.990036683738277690e-01,1.230082983957992149e-01,-2.327500793739159177e-02,-7.878390530628482866e-03,-2.775641159606466735e-01,-3.337617716623527547e-02,-1.180707261910385504e-02
4.795519742055378010e-01,-1.896610337443709604e-01,-2.053696843601446331e-01,7.006672796397543646e-02,2.006996117056623341e-01,-6.822105131308936476e-02,-3.195384530178625448e-01,4.529532054510652661e-01,2.571493987843024853e-01,2.752630845253358771e-01
-5.299740972425754926e-01,-7.945819089781587241e-01,-7.610618374210154080e-01,2.732811974919804182e-02,8.003404338809078089e-02,1.232780015890942299e-01,5.813435364610509692e-01,1.507620639808932295e-01,-5.642349739434296407e-03,-5.599528024262206277e-02
-2.021747264921332221e-01,-3.045875050356575131e-01,-1.537477663334778366e-01,5.443740819587842422e-02,2.573825776425920364e-01,-2.573012672251190902e-01,-2.019369516000739939e-01,-3.620350887521924053e-03,-6.012068875040275234e-02,2.196275316251308507e-01
5.676384296205625457e-01,1.324337910445067268e-01,3.251000196754254973e-02,-3.384393501881287152e-04,4.004529017178027478e-02,1.328243836087796004e-01,2.061731480868077560e-01,-1.070842321702177857e-01,-1.042108710361155099e-01,-3.774897528814894487e-01
-3.341457671339759794e-01,-4.565875314983458555e-01,3.557783246354351836e-01,-2.973634628022290768e-02,-3.070133172124280274e-01,-3.081732720003773074e-01,-3.204865734603601357e-02,2.938662381504125176e-01,-2.356231074603465092e-01,-1.406814937856880054e-01
-1.418760738935096188e-01,6.296802714608132900e-01,3.130346928524628536e-02,-7.029319399067597562e-02,-3.817537627216761181e-02,-1.707205641766405546e-01,-2.272326356842940820e-01,4.365569706275918560e-01,-1.088245197385461771e-01,-3.357180741380292877e-01
-2.840605602556878218e-01,-1.234004831703575666e-01,-3.929930189355728132e-01,-1.240493578283730636e-01,-1.636009958933692388e-01,1.935202069268101011e-01,-2.852334150506118382e-01,1.204409666323167163e-02,3.587485801292391446e-02,-7.279670911652547094e-02
-2.265220746045474853e-01,4.058254304779456145e-01,3.840976566500856615e-01,8.818393457069118035e-01,-1.500873885442292610e-01,5.026011930426627083e-01,9.511597548183799156e-02,-2.075345935820378240e-01,-2.057793400297710518e-01,-4.486687747895803935e-02
-1.659229774122970291e-01,-3.703519231097809200e-02,-3.084708414269641819e-01,4.156098925257772740e-03,1.362012889922148695e-01,-1.840381934347883053e-01,-3.317895219037182986e-01,-1.690668038374343596e-01,-4.471067658498017192e-04,1.324915107939435288e-01
1.260743035668573930e-01,2.828844838058700017e-01,-2.231210359287089384e-01,-4.711793592767523492e-02,4.392038603722474566e-01,-9.554550126791333531e-02,-4.476753815874652265e-01,1.370638450488020077e-01,2.681767380546030699e-01,3.486888826353026771e-01
-3.393739203632236690e-01,2.686642437998069260e-02,-5.014197144434682368e-02,3.497898241382327474e-03,2.746902151378740053e-01,-3.012273696911181298e-01,4.955694179768845020e-02,-1.049328451402742890e-01,-2.314508793724353031e-01,1.039996298821834197e-01
-4.376384099337959355e-01,-2.309592787902702282e-01,-1.224136784635149050e-01,-3.631962920999109445e-01,1.440947881804797159e-01,7.941348120864777371e-01,3.218891095990364382e-02,-8.291710895083477528e-02,4.189763796361647974e-01,1.853035059421914710e-01
2.917859463380671481e-01,-1.589168825327048895e-01,-1.606166870382349024e-02,4.466703708356685454e-02,-7.314004885013128399e-02,-2.808777895806522928e-01,-3.450420073731119142e-01,1.817349682111667475e-01,3.288825635340374975e-01,1.879568044961970608e-01
-3.228529834537414156e-01,-4.894476289882351838e-01,2.273557249420429249e-01,-4.796794427055577070e-02,-2.799310753679175034e-01,-3.598599753521437572e-01,9.907934544345546601e-02,2.656511388984491573e-01,-2.434730764946717307e-01,-6.694913864593755870e-02
-1.908153738129571841e-01,1.096654074363746095e-01,1.203137465440557718e-01,-2.881456035289403084e-01,-2.744545155865021346e-01,-2.096664838481870352e-01,-1.146937738436218379e-01,1.694556407474935023e-01,-7.515303934079309300e-02,-1.246600504318649133e-01
3.587551682280715193e-01,8.145668473492319317e-02,-8.373372032998782633e-02,-1.887189831895946246e-01,-3.510756154914726479e-02,3.842912289069889270e-02,5.020205626030221913e-02,-3.614135605923366468e-01,-1.082547736379062681e-01,-1.889009186080368163e-01
-3.108551551520835621e-01,3.199930355938128135e-01,-2.988439330287872009e-01,-1.039726533953203302e-01,1.004234100334598090e-01,2.505213348743869917e-01,-3.490923029958979407e-01,-1.519702888060760204e-01,1.511530171050345372e-01,2.082942960939978549e-01
-3.727531787177295053e-01,-5.528177529509582522e-01,-3.006358276321512979e-01,9.286328533418322650e-02,2.404654312552449366e-02,-3.002440849149814461e-01,2.454459630849175622e-01,-2.084809251659606455e-01,-1.143602766164155959e-01,2.224894912131152036e-02
4.649656085759580615e-02,-1.951943822872761747e-01,2.724320439379171455e-02,8.635529726526849914e-02,-8.642979243121809430e-02,-2.627758119742105714e-01,-3.874419744304836710e-01,-2.377048865821421858e-02,2.605757836572337727e-01,-1.640190536901827423e-01
-4.855468508531629590e-01,-6.116318584215619802e-01,-5.070125719256449726e-01,2.593503504930494766e-02,1.065761306442313261e-01,2.968715529935840244e-02,3.698153750527864436e-01,-1.645798826403113424e-01,-7.787634090888535809e-02,-3.936375580420777703e-02
5.369580806651129690e-01,8.354338214621127856e-02,-1.550942083465716749e-02,-5.409978051936648047e-02,6.401942063533865544e-03,1.386515635847973826e-01,1.404721380126782160e-01,-1.215354330280913886e-01,-9.506286949228255623e-02,-2.187833460427157928e-01
3.514387276092924561e-01,1.185200757694157281e-01,1.368393264670195696e-02,-1.160076288363239422e-01,-4.556535149849919725e-02,-2.116242217879575269e-02,-3.616074669251805734e-02,-4.109648885881294067e-01,-2.092769426704070013e-01,-3.443765891271014998e-03
4.708450254161482551e-01,1.427031754565990795e-01,-1.340605527250659373e-02,-9.696439460482368655e-03,-3.808784009331403486e-02,2.671957886029155405e-02,6.759530495031298991e-02,-1.917402170623382363e-01,-1.356410387298520592e-01,-2.283879105516094243e-02
4.761923595499360506e-01,-2.455825043633002858e-01,-1.912286304841410434e-01,-6.030715340061049493e-03,-1.007766717796066379e-02,-1.754919397178761886e-01,-6.549111620538761169e-02,3.606870185560948072e-01,8.656533661345144903e-02,-1.094784486623974207e-01
4.567438257757521769e-01,4.003775358779962379e-02,1.750122811193407591e-03,-1.122328338100674200e-01,-2.233803261033757460e-03,7.104763991337194329e-02,2.815922118112167399e-03,-2.158679901346207131e-01,-8.346364524742708180e-02,-1.332297582680154746e-01
-4.489074880580308791e-01,3.543439773804024640e-01,4.609532871890437145e-01,1.302590124721451359e-01,-7.455926477722593648e-02,8.703549783008042440e-02,-2.257794026360356865e-01,6.675793958883569079e-01,-1.622876775141011696e-01,-3.514739373004398537e-01
-2.806082011600876114e-01,1.849666000350240203e-01,-2.119956651434151129e-01,1.239985272527737055e-02,2.839977151589642701e-01,-7.518160651698722885e-02,-3.105723779463180900e-01,-1.574074463976516958e-01,1.479076353968610258e-01,-4.411210058562979597e-02
-2.661581358090814309e-01,-2.547632763739364758e-01,8.466821530956567532e-01,1.000270452510273744e-01,-2.824877706923499820e-01,1.427958956437796155e-02,-2.134673912583099926e-03,1.276264912989259759e-01,1.270888442251755512e-01,-2.326655427061365480e-02
-2.975401843205378594e-01,-3.592045022411983757e-01,7.676424327623926347e-01,1.028064067738723858e-01,-2.943440174267112353e-01,-1.143081639923315823e-01,-9.255614259135615252e-02,1.823125474538509760e-01,-2.589851020903741197e-01,-2.559287091544317980e-02
-4.058458112285825425e-01,-3.818182992223539407e-01,-4.111881871883463768e-01,3.261788519184179169e-02,-2.206962451428036709e-01,1.920469169720838698e-01,3.171197616045767081e-02,-5.792892301396527360e-02,-3.736812969857410127e-02,3.652144787782276442e-02
-4.353072010017960403e-01,-6.192558781077823760e-01,-3.714175987993457717e-01,4.043793175007066865e-02,-5.364081262522715082e-03,2.097164818242234774e-01,-2.010577631276887905e-02,9.323587810123593056e-02,-1.755553542129663705e-02,-1.755591066736457151e-01
-4.968564289085430907e-01,-5.926048879043535056e-01,-5.308234481658847814e-01,1.190088302119250568e-01,-1.323012735648281257e-01,7.657429749561898980e-02,8.248176772597962114e-02,1.822256527363091960e-01,-5.507356594783119341e-02,-2.365650554916729487e-01
-3.485680303725731677e-01,4.437550792458948568e-01,4.108932846112457460e-01,9.567335234944318589e-02,-3.107250169069472601e-02,1.963034597498417300e-01,2.747821371468859263e-03,4.839045459987096898e-01,-1.924144576052199684e-01,-5.049644346655091098e-01
5.957841045050308315e-01,-5.888231707694258077e-02,-9.386363806253245068e-02,7.746330628911959892e-02,9.854861425492505989e-02,4.890493066092671363e-03,-4.494360174197421787e-02,2.582577905996961687e-01,4.908592293912220073e-02,-1.067555756933146888e-01
5.306175444214563663e-01,2.288473598129648484e-02,-2.346442221143389684e-02,-5.955132794487961317e-02,1.429187119862539330e-02,4.022444551860302614e-02,-1.835199387176274927e-02,5.802022134879541992e-03,9.019409512983212265e-03,-1.514835150927275054e-01
5.003786904293938687e-01,-3.288927206813872794e-02,-5.080690169197984996e-02,-7.229633216919649497e-02,1.072822697250827920e-02,-5.619399785305346541e-03,-4.536125149691119102e-02,-1.518136394251871565e-02,-2.675853719726280222e-02,-1.728573573247541018e-01
3.900448091978223064e-01,-1.820257877656263346e-01,-2.097480698572948832e-01,-1.488401720293852995e-02,1.246828353204280579e-02,-1.026874908174055107e-01,-1.594355187616487146e-01,7.578398144089019961e-02,5.942572168010920586e-02,-9.115365216490571576e-02
-1.589710901300270263e-01,-4.145709161386874203e-02,-2.154050103372152081e-01,-4.221866288459628636e-01,-1.429180797398023062e-01,3.421210607162614714e-01,-1.229478428814470420e-01,-4.155938005563823978e-01,3.147778067544929753e-02,4.552529348858751906e-02
1.722339416487591035e-01,-1.243494471433007759e-01,-9.331926939396727183e-02,4.917213098111196390e-02,-5.191462779727090172e-03,-2.005595255601822502e-01,-2.525534077308829728e-01,-2.935516069338638401e-01,-1.028035071820099372e-01,-1.085062264578516983e-01
5.003786904293938687e-01,-3.288927206813872794e-02,-5.080690169197984996e-02,-7.229633216919649497e-02,1.072822697250827920e-02,-5.619399785305346541e-03,-4.536125149691119102e-02,-1.518136394251871565e-02,-2.675853719726280222e-02,-1.728573573247541018e-01
5.764873203850839900e-01,-4.757418248621794743e-02,-7.793901174695645750e-02,3.444859262822635299e-02,1.165616742093819949e-02,3.096798891299908096e-02,-5.247436924123689839e-02,2.343144130567981764e-01,-1.854109171557214884e-03,-9.807639098779777354e-02
4.417524426200308274e-01,-5.189382453680553564e-02,-4.381931766894313351e-02,-6.577175416569371047e-02,-9.776349123128526622e-03,-4.779103652885320630e-02,-2.406377982221627118e-02,-1.392865175056078042e-01,-9.629293014128999240e-02,-1.490574218308507448e-01
3.406223900097590240e-01,1.173459831038280304e-01,-1.154061764539352775e-01,-1.503138735790595371e-01,2.031992119331934785e-02,-3.442290479806198872e-02,-1.036007550398930221e-01,-3.557980755635091752e-01,-6.383595565670065197e-02,-3.565731843771107606e-02
5.995228883411719556e-01,8.631293997166611387e-03,-8.959884057961572598e-03,5.506304189993721770e-04,1.676848232526768900e-02,7.723413318206913403e-02,7.298376675185999640e-02,9.728143708325577566e-02,-3.462177496845902230e-02,-2.080201559303390679e-01
-2.296297223733144155e-01,-1.192299888224452736e-01,3.863204479000361125e-01,1.424769529627440690e-01,1.104353591031456139e-01,-1.697683626389442924e-01,5.405730784276984585e-02,-3.633810012320543015e-01,2.614628722885388723e-01,1.095362055974168358e-01
4.818607876594059591e-02,-2.417205437589117767e-01,4.766022774117993355e-01,1.811210453843488735e-02,-1.332572734634182576e-02,-1.099002971891243907e-01,-5.926026551207634607e-02,-1.115884173306751770e-01,-2.880836173007344722e-02,6.734925720473626809e-01
-2.696822138755542997e-01,-4.801686328219069155e-01,1.564360461196734331e-01,1.950648868652048867e-02,-7.093850664430220720e-02,-2.870163754692071634e-01,3.025228491601070907e-02,-7.075935106992305157e-02,-1.540781640870358682e-01,1.170595995943683743e-01
-1.256385758691609122e-01,-6.140479989501683722e-01,-3.474988732944556680e-01,7.110157462431196396e-02,-1.010767840046820215e-01,-3.768268095668620976e-01,1.010893765852950571e-01,2.301751561393109713e-01,-3.829792538751774361e-02,1.821070094396599337e-01
-2.942605395246004618e-01,-3.505917673256513101e-02,5.933249018485171611e-01,-1.101632242640792486e-01,-4.391141898975880337e-02,1.042434040885788530e-03,-7.534517178179378494e-02,-3.660805185237537840e-01,-1.650641324720421022e-01,1.195928725704639532e-02
-4.059178071227437790e-01,-3.755253167356008004e-01,4.729992256362521019e-02,-2.077132475338240303e-01,6.783995142501349218e-02,8.002801185797541184e-01,-2.512395660367030409e-02,2.847108679494975494e-02,2.824108932563267338e-01,3.330816844115358499e-02
-3.914651721959021557e-01,-3.297075111036145700e-01,-1.136299591151794797e-01,-7.994625373674790758e-02,2.536058681685372101e-02,9.660795973672377246e-02,-1.861374180616005292e-01,-3.559674241403622263e-02,1.784959899767809277e-01,-2.415679686762418066e-01
5.929464825706308728e-01,-1.532476581891594469e-01,-2.263870028068893925e-01,3.721323230742087929e-02,9.029173100773936478e-02,-1.957126776832743276e-02,-1.729658545773286871e-01,4.839490348110676576e-01,2.526236153022376474e-01,-5.040967419255133752e-02
1.117169759018150355e-01,-3.509283687407933616e-01,-1.038571342846973666e-01,8.403656623557903549e-02,-6.217737705674019309e-03,-2.396455273618572357e-01,-1.000420275491108180e-01,8.818342926107193558e-02,-8.592348600473936893e-02,-2.934522071208032767e-01
3.664036327025866346e-01,-2.086224221282902969e-01,-1.649266812787840986e-01,1.251737006231876392e-01,1.365904496139568325e-01,-1.422782069875212774e-01,-2.528577634860277867e-01,1.238588608443920852e-01,3.556877619267208579e-01,1.582537002549663785e-01
4.374235577763041505e-01,1.643347730149540276e-01,-1.792834271014266956e-01,-6.339849165338093395e-02,-9.534488565649293368e-02,-2.527270353865631036e-01,-2.479900403366360959e-02,4.013689225142010319e-01,1.216013260838254423e-01,-2.602780024527797109e-01
2.498078751784177098e-01,-2.550197052600976511e-01,-2.766851905281679791e-01,8.939017596177301073e-02,8.665451176475122419e-02,-1.197017871315329274e-01,-2.913751330245003546e-01,9.389263843378350960e-02,9.605881974576292726e-02,3.369826787844317374e-03
-2.168656844717814502e-01,-1.454388575461451616e-01,3.128427483431249212e-01,5.062181846115603595e-02,2.989880513407335849e-01,-5.421832595314651088e-02,-2.036894431436341024e-01,-2.141907806412194359e-01,-9.993852354174570865e-03,2.300682502594295353e-01
3.923030033234925495e-01,-1.773537168356368598e-01,-2.074956812365113257e-01,3.184940413691059874e-02,2.904687603133608229e-02,-9.954789063121299852e-02,-1.888210930160633960e-01,9.814658579580883002e-02,6.140681478487095002e-02,-7.980110862570849450e-02
-2.903699855478387160e-01,4.907356794406532163e-01,4.341905759021991162e-01,-8.587927041267365280e-02,3.636606921462410269e-01,-2.790066134066165882e-01,-1.687969032207157008e-02,2.673760198388513976e-01,-1.042943787464315486e-01,1.135957325413676361e-01
-4.149027982373845180e-01,6.474267528725302645e-01,4.789001607777655933e-01,-1.223659142288468504e-01,1.028284576942874035e-01,1.373142715032560357e-01,3.315955550883031289e-01,3.338881290873214613e-01,4.082473172683929730e-01,-1.361245529164471502e-01
-3.589445255993466977e-01,1.000000000000000000e+00,-2.306584920079417234e-01,4.693020687465342400e-01,-1.366337751178653137e-01,9.551212030913192041e-02,-1.187218293063607155e-01,2.745083226926433584e-01,-1.905546342724911621e-02,-9.516545203249585083e-02
4.932723945466669334e-04,-1.773367009152501950e-01,-7.111257642927225342e-02,-2.617975118445893812e-01,-7.393478405738355963e-02,8.664396051268891119e-02,-1.808318544487384771e-01,-4.787741290559913709e-01,-9.540151309152515580e-02,-1.066873698503884443e-01
-3.279937331649890875e-01,-2.144213208279099059e-01,-3.023338130817613267e-01,6.749141499310878922e-02,1.941868326962191693e-01,-1.859906222327413483e-01,-1.066173496865438358e-01,1.267829159787225157e-01,-5.107652777179055859e-02,-2.414814969891850849e-01
-3.936837015993760458e-01,-1.843709840726453497e-01,-3.734223007909639458e-01,1.010396556435658004e-02,-1.703799911471213513e-01,2.338768907395108454e-01,-1.659304620818229381e-01,2.135142161922044535e-01,-1.265113122226985964e-01,-1.393126998825340579e-01
6.339806996302942421e-01,-9.044389162937706284e-02,-1.635898707508994521e-01,1.337452912562859218e-02,4.122283470938084560e-02,1.079187945295905296e-02,-3.522155068793444282e-02,3.865142155731866591e-01,1.713093709749286264e-01,-2.275238665537572258e-01
5.073347881084955269e-01,-1.747991138212095508e-01,-1.452711408871299181e-01,5.353553978296884952e-02,5.113181528484731647e-02,-1.488410582160912543e-01,-2.280356057726732610e-01,5.195133757666136054e-01,1.858752290351609882e-01,1.314898730405280602e-01
4.694330289091354635e-01,-2.962888394382718477e-02,-1.182302134433277224e-01,-1.303606531688462633e-01,-6.088135542105616721e-02,-7.882291755676842926e-02,-8.177138426872057608e-02,1.304125595063978793e-01,5.825374746441837337e-02,-2.779015978733457293e-01
3.235876742940352879e-01,-1.179550050414938239e-01,1.096168630103056402e-01,-7.289668522006623186e-02,-3.381183695237809789e-02,6.273853740768911558e-02,-1.010890499404340087e-01,-2.021408137164679708e-01,-1.023875887822404268e-01,8.680676983957522075e-02
4.387248065242796979e-01,-1.988956035337766659e-01,-2.338616880805368115e-01,-6.223267500778218581e-02,-5.728135278728396784e-02,-7.879186463319842737e-02,-1.440567171268762048e-01,3.556743184318332252e-01,1.066593522518087256e-01,-2.446065932407247845e-01
4.814603747009545409e-01,-9.412853038142889039e-02,-1.642747346198827896e-01,-7.499302235456514754e-02,-5.642950800549901419e-02,-8.731051348779389487e-02,-1.343568061087814514e-01,2.964514972004189119e-01,9.443177986047725236e-02,-2.521524565635327453e-01
4.694330289091354635e-01,-2.962888394382718477e-02,-1.182302134433277224e-01,-1.303606531688462633e-01,-6.088135542105616721e-02,-7.882291755676842926e-02,-8.177138426872057608e-02,1.304125595063978793e-01,5.825374746441837337e-02,-2.779015978733457293e-01
